TimeUs,Ugen,Ur1,Uvd1
1,80.0,0.0,0.0
2,80.0,0.0,80.0
3,80.0,0.0,0.0
4,80.0,0.0,0.0
5,80.0,0.0,0.0
6,80.0,0.0,0.0
7,80.0,0.0,80.0
8,80.0,0.0,0.0
9,80.0,80.0,80.0
10,80.0,0.0,80.0
11,80.0,0.0,80.0
12,80.0,0.0,80.0
13,80.0,0.0,80.0
14,80.0,0.0,80.0
15,80.0,0.0,0.0
16,80.0,0.0,0.0
17,0.0,0.0,80.0
18,80.0,0.0,0.0
19,80.0,0.0,80.0
20,80.0,0.0,80.0
21,80.0,0.0,80.0
22,80.0,80.0,80.0
23,80.0,0.0,80.0
24,80.0,0.0,80.0
25,80.0,0.0,0.0
26,80.0,0.0,0.0
27,80.0,0.0,80.0
28,80.0,0.0,80.0
29,80.0,0.0,80.0
30,0.0,0.0,80.0
31,80.0,0.0,80.0
32,80.0,0.0,0.0
33,80.0,0.0,80.0
34,0.0,0.0,80.0
35,80.0,0.0,80.0
36,0.0,0.0,0.0
37,80.0,0.0,80.0
38,80.0,0.0,80.0
39,80.0,0.0,80.0
40,80.0,0.0,80.0
41,80.0,0.0,0.0
42,80.0,0.0,0.0
43,0.0,0.0,80.0
44,0.0,0.0,80.0
45,80.0,0.0,80.0
46,80.0,0.0,0.0
47,80.0,-80.0,80.0
48,80.0,0.0,80.0
49,80.0,0.0,0.0
50,0.0,0.0,80.0
51,80.0,0.0,80.0
52,80.0,0.0,80.0
53,80.0,0.0,80.0
54,80.0,0.0,80.0
55,80.0,0.0,0.0
56,0.0,0.0,80.0
57,80.0,0.0,0.0
58,80.0,0.0,80.0
59,80.0,0.0,80.0
60,80.0,0.0,80.0
61,80.0,0.0,80.0
62,80.0,0.0,80.0
63,80.0,0.0,0.0
64,80.0,0.0,80.0
65,80.0,0.0,0.0
66,80.0,0.0,0.0
67,80.0,0.0,80.0
68,80.0,0.0,80.0
69,80.0,0.0,80.0
70,80.0,0.0,0.0
71,80.0,0.0,0.0
72,80.0,0.0,0.0
73,80.0,0.0,80.0
74,80.0,0.0,80.0
75,80.0,0.0,80.0
76,80.0,0.0,0.0
77,80.0,0.0,80.0
78,80.0,0.0,0.0
79,80.0,0.0,80.0
80,80.0,0.0,0.0
81,80.0,0.0,0.0
82,80.0,0.0,80.0
83,80.0,0.0,80.0
84,80.0,0.0,0.0
85,80.0,0.0,0.0
86,0.0,0.0,0.0
87,80.0,0.0,80.0
88,80.0,0.0,0.0
89,80.0,0.0,80.0
90,80.0,0.0,0.0
91,80.0,0.0,0.0
92,80.0,0.0,80.0
93,80.0,0.0,80.0
94,80.0,0.0,0.0
95,80.0,0.0,0.0
96,0.0,0.0,80.0
97,80.0,0.0,80.0
98,80.0,0.0,0.0
99,80.0,0.0,80.0
100,80.0,0.0,80.0
101,0.0,0.0,80.0
102,80.0,0.0,80.0
103,80.0,0.0,0.0
104,0.0,0.0,80.0
105,0.0,0.0,0.0
106,0.0,0.0,80.0
107,80.0,80.0,80.0
108,80.0,0.0,0.0
109,80.0,0.0,80.0
110,0.0,0.0,80.0
111,80.0,0.0,0.0
112,0.0,0.0,80.0
113,80.0,0.0,80.0
114,80.0,0.0,0.0
115,80.0,0.0,80.0
116,80.0,80.0,0.0
117,80.0,0.0,80.0
118,80.0,80.0,80.0
119,0.0,0.0,80.0
120,80.0,0.0,0.0
121,80.0,0.0,0.0
122,0.0,0.0,80.0
123,80.0,0.0,0.0
124,0.0,0.0,80.0
125,80.0,0.0,80.0
126,80.0,0.0,0.0
127,80.0,0.0,80.0
128,0.0,0.0,80.0
129,80.0,0.0,80.0
130,80.0,0.0,80.0
131,80.0,0.0,0.0
132,80.0,0.0,0.0
133,80.0,0.0,80.0
134,80.0,0.0,0.0
135,80.0,0.0,0.0
136,80.0,0.0,80.0
137,80.0,80.0,0.0
138,80.0,0.0,80.0
139,80.0,0.0,80.0
140,80.0,0.0,80.0
141,80.0,0.0,0.0
142,80.0,0.0,80.0
143,80.0,0.0,80.0
144,80.0,0.0,80.0
145,80.0,0.0,0.0
146,80.0,0.0,0.0
147,80.0,0.0,80.0
148,80.0,0.0,80.0
149,80.0,0.0,80.0
150,80.0,0.0,80.0
151,0.0,0.0,0.0
152,80.0,0.0,80.0
153,0.0,0.0,0.0
154,80.0,-80.0,80.0
155,80.0,0.0,80.0
156,80.0,0.0,80.0
157,80.0,0.0,80.0
158,80.0,0.0,0.0
159,80.0,0.0,0.0
160,80.0,0.0,80.0
161,80.0,0.0,80.0
162,80.0,0.0,80.0
163,0.0,0.0,80.0
164,80.0,0.0,80.0
165,0.0,0.0,0.0
166,80.0,0.0,80.0
167,80.0,0.0,0.0
168,80.0,0.0,80.0
169,80.0,0.0,0.0
170,80.0,0.0,80.0
171,0.0,-80.0,80.0
172,80.0,0.0,80.0
173,80.0,0.0,0.0
174,80.0,0.0,0.0
175,80.0,0.0,0.0
176,80.0,0.0,80.0
177,80.0,0.0,0.0
178,80.0,0.0,0.0
179,80.0,0.0,80.0
180,0.0,0.0,0.0
181,80.0,0.0,0.0
182,80.0,0.0,80.0
183,80.0,0.0,80.0
184,80.0,0.0,80.0
185,80.0,0.0,80.0
186,0.0,0.0,0.0
187,80.0,0.0,0.0
188,0.0,0.0,0.0
189,80.0,0.0,80.0
190,0.0,80.0,80.0
191,80.0,0.0,80.0
192,0.0,0.0,0.0
193,80.0,0.0,0.0
194,80.0,0.0,80.0
195,80.0,0.0,80.0
196,80.0,0.0,80.0
197,80.0,0.0,80.0
198,80.0,0.0,80.0
199,80.0,0.0,80.0
200,80.0,0.0,0.0
201,80.0,0.0,80.0
202,80.0,0.0,0.0
203,80.0,0.0,0.0
204,80.0,0.0,80.0
205,80.0,0.0,80.0
206,80.0,0.0,80.0
207,80.0,80.0,0.0
208,80.0,80.0,80.0
209,80.0,0.0,80.0
210,80.0,0.0,0.0
211,80.0,80.0,80.0
212,80.0,0.0,0.0
213,80.0,0.0,0.0
214,80.0,0.0,0.0
215,80.0,0.0,80.0
216,80.0,0.0,80.0
217,80.0,0.0,80.0
218,80.0,0.0,0.0
219,80.0,0.0,80.0
220,80.0,0.0,0.0
221,80.0,0.0,80.0
222,80.0,0.0,80.0
223,80.0,0.0,80.0
224,80.0,0.0,0.0
225,80.0,0.0,80.0
226,80.0,0.0,0.0
227,80.0,0.0,80.0
228,80.0,0.0,80.0
229,80.0,0.0,80.0
230,80.0,0.0,80.0
231,80.0,0.0,80.0
232,80.0,0.0,80.0
233,80.0,0.0,80.0
234,80.0,0.0,80.0
235,80.0,0.0,80.0
236,0.0,-80.0,0.0
237,80.0,0.0,80.0
238,80.0,-80.0,80.0
239,80.0,0.0,80.0
240,80.0,0.0,80.0
241,80.0,0.0,0.0
242,80.0,0.0,80.0
243,80.0,0.0,80.0
244,80.0,0.0,80.0
245,80.0,0.0,80.0
246,80.0,0.0,0.0
247,80.0,-80.0,80.0
248,80.0,0.0,0.0
249,80.0,0.0,80.0
250,80.0,0.0,0.0
251,80.0,0.0,0.0
252,80.0,0.0,0.0
253,80.0,0.0,80.0
254,80.0,0.0,0.0
255,80.0,0.0,80.0
256,80.0,0.0,80.0
257,80.0,0.0,0.0
258,80.0,0.0,0.0
259,80.0,0.0,0.0
260,80.0,0.0,80.0
261,80.0,0.0,80.0
262,80.0,0.0,80.0
263,80.0,0.0,0.0
264,80.0,0.0,80.0
265,80.0,0.0,0.0
266,80.0,0.0,80.0
267,80.0,0.0,80.0
268,80.0,0.0,80.0
269,80.0,0.0,80.0
270,80.0,0.0,80.0
271,80.0,0.0,80.0
272,80.0,0.0,80.0
273,80.0,0.0,0.0
274,80.0,0.0,80.0
275,80.0,0.0,0.0
276,80.0,0.0,0.0
277,80.0,0.0,80.0
278,80.0,0.0,80.0
279,80.0,0.0,0.0
280,80.0,0.0,80.0
281,80.0,0.0,0.0
282,80.0,0.0,80.0
283,80.0,0.0,80.0
284,80.0,0.0,80.0
285,80.0,0.0,0.0
286,80.0,0.0,0.0
287,80.0,0.0,80.0
288,80.0,0.0,80.0
289,80.0,0.0,80.0
290,80.0,-80.0,80.0
291,80.0,0.0,80.0
292,80.0,0.0,0.0
293,80.0,0.0,80.0
294,80.0,0.0,0.0
295,80.0,0.0,80.0
296,80.0,0.0,0.0
297,80.0,-80.0,0.0
298,0.0,0.0,0.0
299,80.0,80.0,80.0
300,80.0,0.0,-400.0
301,-2000.0,0.0,-3680.0
302,-3920.0,-80.0,-3920.0
303,-4000.0,0.0,-3920.0
304,-3920.0,0.0,-3920.0
305,-4000.0,0.0,-3920.0
306,-4000.0,0.0,-3920.0
307,-4000.0,0.0,-3920.0
308,-4000.0,0.0,-3840.0
309,-3920.0,0.0,-3840.0
310,-3920.0,0.0,-3840.0
311,-3920.0,0.0,-3840.0
312,-4000.0,0.0,-3840.0
313,-4000.0,0.0,-3840.0
314,-4000.0,0.0,-3840.0
315,-3920.0,0.0,-3840.0
316,-3920.0,0.0,-3840.0
317,-3920.0,0.0,-3840.0
318,-3920.0,0.0,-3840.0
319,-3920.0,0.0,-3840.0
320,-3920.0,0.0,-3840.0
321,-3920.0,0.0,-3840.0
322,-3920.0,0.0,-3840.0
323,-3920.0,0.0,-3840.0
324,-3920.0,0.0,-3840.0
325,-3920.0,0.0,-3840.0
326,-3920.0,0.0,-3840.0
327,-3840.0,0.0,-3760.0
328,-3840.0,0.0,-3840.0
329,-3920.0,0.0,-3840.0
330,-3920.0,0.0,-3760.0
331,-3840.0,0.0,-3840.0
332,-3920.0,0.0,-3760.0
333,-3840.0,0.0,-3760.0
334,-3840.0,0.0,-3760.0
335,-3840.0,0.0,-3760.0
336,-3840.0,0.0,-3760.0
337,-3840.0,0.0,-3760.0
338,-3840.0,0.0,-3760.0
339,-3840.0,0.0,-3760.0
340,-3840.0,0.0,-3760.0
341,-3760.0,0.0,-3760.0
342,-3840.0,0.0,-3760.0
343,-3760.0,0.0,-3760.0
344,-3760.0,0.0,-3760.0
345,-3760.0,0.0,-3760.0
346,-3840.0,0.0,-3760.0
347,-3840.0,0.0,-3760.0
348,-3760.0,0.0,-3680.0
349,-3760.0,0.0,-3680.0
350,-3760.0,0.0,-3680.0
351,-3760.0,0.0,-3680.0
352,-3840.0,0.0,-3680.0
353,-3760.0,0.0,-3680.0
354,-3760.0,0.0,-3680.0
355,-3760.0,0.0,-3680.0
356,-3760.0,0.0,-3680.0
357,-3760.0,0.0,-3680.0
358,-3760.0,0.0,-3680.0
359,-3760.0,0.0,-3680.0
360,-3760.0,0.0,-3680.0
361,-3760.0,0.0,-3680.0
362,-3760.0,0.0,-3680.0
363,-3760.0,0.0,-3600.0
364,-3680.0,0.0,-3680.0
365,-3680.0,0.0,-3680.0
366,-3680.0,0.0,-3600.0
367,-3680.0,0.0,-3680.0
368,-3760.0,0.0,-3600.0
369,-3760.0,0.0,-3680.0
370,-3680.0,0.0,-3680.0
371,-3680.0,80.0,-3600.0
372,-3680.0,0.0,-3600.0
373,-3680.0,0.0,-3600.0
374,-3680.0,0.0,-3600.0
375,-3680.0,0.0,-3600.0
376,-3680.0,0.0,-3600.0
377,-3680.0,0.0,-3600.0
378,-3680.0,0.0,-3600.0
379,-3680.0,0.0,-3600.0
380,-3680.0,0.0,-3600.0
381,-3680.0,0.0,-3600.0
382,-3680.0,0.0,-3600.0
383,-3680.0,0.0,-3600.0
384,-3680.0,0.0,-3600.0
385,-3600.0,0.0,-3600.0
386,-3680.0,0.0,-3600.0
387,-3680.0,-80.0,-3600.0
388,-3680.0,0.0,-3520.0
389,-3680.0,0.0,-3520.0
390,-3600.0,0.0,-3600.0
391,-3600.0,0.0,-3600.0
392,-3600.0,0.0,-3520.0
393,-3600.0,0.0,-3520.0
394,-3600.0,0.0,-3520.0
395,-3600.0,0.0,-3520.0
396,-3600.0,0.0,-3520.0
397,-3600.0,0.0,-3520.0
398,-3520.0,0.0,-3520.0
399,-3600.0,0.0,-3520.0
400,-3600.0,0.0,-3520.0
401,-3600.0,0.0,-3520.0
402,-3600.0,0.0,-3520.0
403,-3520.0,0.0,-3520.0
404,-3520.0,0.0,-3520.0
405,-3600.0,0.0,-3520.0
406,-3520.0,0.0,-3440.0
407,-3600.0,0.0,-3520.0
408,-3600.0,0.0,-3520.0
409,-3600.0,0.0,-3520.0
410,-3600.0,0.0,-3440.0
411,-3520.0,0.0,-3440.0
412,-3520.0,0.0,-3440.0
413,-3520.0,0.0,-3440.0
414,-3520.0,0.0,-3440.0
415,-3520.0,0.0,-3520.0
416,-3520.0,0.0,-3520.0
417,-3520.0,0.0,-3520.0
418,-3520.0,0.0,-3440.0
419,-3440.0,0.0,-3440.0
420,-3520.0,0.0,-3440.0
421,-3520.0,0.0,-3440.0
422,-3520.0,0.0,-3440.0
423,-3520.0,0.0,-3440.0
424,-3520.0,0.0,-3440.0
425,-3520.0,0.0,-3440.0
426,-3440.0,0.0,-3440.0
427,-3440.0,0.0,-3440.0
428,-3440.0,0.0,-3440.0
429,-3440.0,0.0,-3440.0
430,-3440.0,0.0,-3440.0
431,-3440.0,0.0,-3440.0
432,-3440.0,0.0,-3440.0
433,-3520.0,80.0,-3440.0
434,-3440.0,0.0,-3440.0
435,-3440.0,0.0,-3360.0
436,-3440.0,0.0,-3360.0
437,-3440.0,0.0,-3360.0
438,-3440.0,80.0,-3440.0
439,-3440.0,0.0,-3440.0
440,-3440.0,0.0,-3440.0
441,-3440.0,0.0,-3360.0
442,-3440.0,0.0,-3360.0
443,-3440.0,0.0,-3360.0
444,-3360.0,0.0,-3360.0
445,-3440.0,0.0,-3360.0
446,-3440.0,80.0,-3360.0
447,-3360.0,0.0,-3360.0
448,-3360.0,0.0,-3360.0
449,-3360.0,0.0,-3360.0
450,-3360.0,0.0,-3280.0
451,-3440.0,0.0,-3360.0
452,-3360.0,0.0,-3360.0
453,-3360.0,0.0,-3280.0
454,-3440.0,0.0,-3360.0
455,-3360.0,0.0,-3360.0
456,-3360.0,0.0,-3360.0
457,-3360.0,0.0,-3360.0
458,-3360.0,0.0,-3280.0
459,-3360.0,0.0,-3360.0
460,-3360.0,0.0,-3280.0
461,-3360.0,0.0,-3280.0
462,-3360.0,0.0,-3280.0
463,-3360.0,0.0,-3280.0
464,-3360.0,80.0,-3280.0
465,-3280.0,80.0,-3280.0
466,-3360.0,0.0,-3280.0
467,-3280.0,0.0,-3280.0
468,-3280.0,0.0,-3280.0
469,-3280.0,0.0,-3280.0
470,-3280.0,0.0,-3280.0
471,-3280.0,0.0,-3280.0
472,-3360.0,0.0,-3280.0
473,-3280.0,0.0,-3280.0
474,-3280.0,0.0,-3280.0
475,-3280.0,0.0,-3280.0
476,-3280.0,0.0,-3280.0
477,-3280.0,0.0,-3200.0
478,-3280.0,0.0,-3280.0
479,-3280.0,0.0,-3280.0
480,-3280.0,0.0,-3280.0
481,-3280.0,0.0,-3200.0
482,-3280.0,0.0,-3200.0
483,-3280.0,0.0,-3200.0
484,-3280.0,0.0,-3200.0
485,-3200.0,0.0,-3200.0
486,-3280.0,0.0,-3200.0
487,-3280.0,0.0,-3280.0
488,-3200.0,0.0,-3200.0
489,-3200.0,0.0,-3200.0
490,-3200.0,0.0,-3200.0
491,-3200.0,0.0,-3200.0
492,-3200.0,0.0,-3200.0
493,-3280.0,0.0,-3200.0
494,-3200.0,0.0,-3200.0
495,-3200.0,0.0,-3200.0
496,-3200.0,0.0,-3120.0
497,-3200.0,0.0,-3200.0
498,-3200.0,0.0,-3200.0
499,-3200.0,0.0,-3200.0
500,-3200.0,0.0,-3120.0
501,-3200.0,0.0,-3200.0
502,-3200.0,0.0,-3200.0
503,-3200.0,0.0,-3200.0
504,-3200.0,0.0,-3200.0
505,-3120.0,0.0,-3120.0
506,-3120.0,0.0,-3120.0
507,-3120.0,-80.0,-3120.0
508,-3120.0,0.0,-3120.0
509,-3200.0,0.0,-3120.0
510,-3120.0,0.0,-3120.0
511,-3120.0,0.0,-3120.0
512,-3200.0,0.0,-3120.0
513,-3120.0,0.0,-3120.0
514,-3120.0,0.0,-3120.0
515,-3120.0,0.0,-3120.0
516,-3120.0,0.0,-3120.0
517,-3120.0,0.0,-3040.0
518,-3120.0,0.0,-3120.0
519,-3120.0,0.0,-3120.0
520,-3120.0,0.0,-3040.0
521,-3040.0,0.0,-3040.0
522,-3120.0,0.0,-3040.0
523,-3120.0,0.0,-3120.0
524,-3120.0,0.0,-3120.0
525,-3120.0,0.0,-3040.0
526,-3120.0,80.0,-3040.0
527,-3040.0,0.0,-3040.0
528,-3040.0,0.0,-3040.0
529,-3040.0,0.0,-3040.0
530,-3120.0,0.0,-3040.0
531,-3040.0,0.0,-3040.0
532,-3040.0,80.0,-3040.0
533,-3040.0,0.0,-3040.0
534,-3120.0,0.0,-3040.0
535,-3120.0,0.0,-3040.0
536,-3040.0,0.0,-3040.0
537,-3040.0,0.0,-3040.0
538,-3040.0,0.0,-2960.0
539,-3040.0,0.0,-3040.0
540,-3040.0,0.0,-2960.0
541,-3040.0,0.0,-2960.0
542,-3040.0,0.0,-3040.0
543,-2960.0,0.0,-2960.0
544,-2960.0,0.0,-2960.0
545,-2960.0,0.0,-2960.0
546,-2960.0,0.0,-2960.0
547,-2960.0,0.0,-2960.0
548,-2960.0,0.0,-2960.0
549,-2960.0,0.0,-2960.0
550,-3040.0,0.0,-2960.0
551,-2960.0,0.0,-2960.0
552,-2960.0,0.0,-2960.0
553,-2960.0,0.0,-2960.0
554,-2960.0,0.0,-2960.0
555,-2960.0,0.0,-2960.0
556,-2960.0,0.0,-2960.0
557,-2960.0,0.0,-2960.0
558,-2960.0,0.0,-2960.0
559,-2960.0,0.0,-2960.0
560,-2960.0,0.0,-2960.0
561,-2960.0,0.0,-2960.0
562,-2960.0,0.0,-2960.0
563,-2960.0,0.0,-2960.0
564,-2960.0,0.0,-2960.0
565,-2960.0,0.0,-2960.0
566,-2960.0,0.0,-2880.0
567,-2880.0,0.0,-2880.0
568,-2960.0,0.0,-2880.0
569,-2880.0,0.0,-2880.0
570,-2880.0,0.0,-2880.0
571,-2880.0,80.0,-2880.0
572,-2880.0,0.0,-2880.0
573,-2880.0,0.0,-2960.0
574,-2880.0,0.0,-2880.0
575,-2880.0,0.0,-2880.0
576,-2880.0,0.0,-2880.0
577,-2800.0,0.0,-2800.0
578,-2960.0,0.0,-2880.0
579,-2880.0,0.0,-2880.0
580,-2880.0,0.0,-2880.0
581,-2880.0,0.0,-2880.0
582,-2880.0,0.0,-2800.0
583,-2800.0,0.0,-2800.0
584,-2800.0,0.0,-2800.0
585,-2800.0,0.0,-2800.0
586,-2880.0,0.0,-2800.0
587,-2800.0,0.0,-2800.0
588,-2800.0,0.0,-2880.0
589,-2800.0,0.0,-2800.0
590,-2800.0,0.0,-2800.0
591,-2800.0,0.0,-2800.0
592,-2800.0,0.0,-2800.0
593,-2800.0,0.0,-2800.0
594,-2800.0,0.0,-2800.0
595,-2800.0,0.0,-2800.0
596,-2800.0,0.0,-2800.0
597,-2800.0,0.0,-2800.0
598,-2720.0,0.0,-2800.0
599,-2800.0,0.0,-2800.0
600,-2800.0,0.0,-2720.0
601,-2800.0,0.0,-2800.0
602,-2800.0,0.0,-2720.0
603,-2800.0,0.0,-2720.0
604,-2800.0,0.0,-2720.0
605,-2800.0,0.0,-2720.0
606,-2800.0,0.0,-2720.0
607,-2800.0,0.0,-2720.0
608,-2720.0,0.0,-2720.0
609,-2720.0,0.0,-2720.0
610,-2720.0,0.0,-2720.0
611,-2720.0,0.0,-2720.0
612,-2720.0,0.0,-2720.0
613,-2720.0,0.0,-2720.0
614,-2720.0,0.0,-2720.0
615,-2720.0,0.0,-2720.0
616,-2720.0,0.0,-2720.0
617,-2720.0,0.0,-2720.0
618,-2720.0,0.0,-2720.0
619,-2720.0,0.0,-2720.0
620,-2640.0,0.0,-2720.0
621,-2720.0,0.0,-2720.0
622,-2720.0,0.0,-2720.0
623,-2720.0,0.0,-2720.0
624,-2720.0,0.0,-2640.0
625,-2720.0,0.0,-2640.0
626,-2720.0,0.0,-2640.0
627,-2720.0,0.0,-2720.0
628,-2720.0,0.0,-2640.0
629,-2720.0,0.0,-2640.0
630,-2720.0,0.0,-2640.0
631,-2640.0,0.0,-2640.0
632,-2640.0,0.0,-2640.0
633,-2640.0,0.0,-2640.0
634,-2640.0,0.0,-2640.0
635,-2640.0,0.0,-2640.0
636,-2640.0,0.0,-2640.0
637,-2640.0,0.0,-2640.0
638,-2640.0,0.0,-2640.0
639,-2640.0,0.0,-2640.0
640,-2640.0,0.0,-2560.0
641,-2640.0,0.0,-2640.0
642,-2640.0,0.0,-2640.0
643,-2640.0,0.0,-2640.0
644,-2640.0,0.0,-2640.0
645,-2640.0,0.0,-2560.0
646,-2640.0,0.0,-2560.0
647,-2560.0,0.0,-2560.0
648,-2560.0,0.0,-2560.0
649,-2560.0,0.0,-2560.0
650,-2640.0,0.0,-2560.0
651,-2640.0,0.0,-2640.0
652,-2560.0,0.0,-2560.0
653,-2560.0,0.0,-2560.0
654,-2560.0,0.0,-2560.0
655,-2560.0,0.0,-2560.0
656,-2560.0,0.0,-2560.0
657,-2560.0,0.0,-2560.0
658,-2560.0,0.0,-2560.0
659,-2560.0,0.0,-2560.0
660,-2560.0,0.0,-2560.0
661,-2560.0,0.0,-2560.0
662,-2480.0,0.0,-2560.0
663,-2560.0,0.0,-2480.0
664,-2560.0,0.0,-2480.0
665,-2480.0,0.0,-2480.0
666,-2560.0,0.0,-2480.0
667,-2480.0,-80.0,-2560.0
668,-2480.0,0.0,-2480.0
669,-2480.0,0.0,-2480.0
670,-2560.0,0.0,-2480.0
671,-2480.0,0.0,-2480.0
672,-2560.0,0.0,-2480.0
673,-2480.0,0.0,-2560.0
674,-2560.0,0.0,-2560.0
675,-2480.0,0.0,-2400.0
676,-2480.0,0.0,-2480.0
677,-2480.0,0.0,-2480.0
678,-2400.0,0.0,-2480.0
679,-2480.0,0.0,-2480.0
680,-2480.0,0.0,-2480.0
681,-2480.0,0.0,-2480.0
682,-2480.0,0.0,-2480.0
683,-2480.0,0.0,-2480.0
684,-2400.0,0.0,-2400.0
685,-2480.0,0.0,-2480.0
686,-2480.0,0.0,-2480.0
687,-2480.0,0.0,-2400.0
688,-2400.0,0.0,-2480.0
689,-2400.0,0.0,-2400.0
690,-2400.0,0.0,-2400.0
691,-2400.0,0.0,-2400.0
692,-2400.0,0.0,-2400.0
693,-2400.0,0.0,-2400.0
694,-2400.0,0.0,-2400.0
695,-2400.0,0.0,-2400.0
696,-2400.0,0.0,-2400.0
697,-2400.0,0.0,-2400.0
698,-2400.0,0.0,-2400.0
699,-2400.0,0.0,-2400.0
700,-2320.0,80.0,-2400.0
701,-2320.0,0.0,-2320.0
702,-2320.0,0.0,-2400.0
703,-2320.0,0.0,-2400.0
704,-2400.0,0.0,-2400.0
705,-2400.0,0.0,-2400.0
706,-2400.0,0.0,-2400.0
707,-2400.0,0.0,-2400.0
708,-2320.0,0.0,-2320.0
709,-2320.0,0.0,-2320.0
710,-2320.0,0.0,-2400.0
711,-2320.0,0.0,-2320.0
712,-2320.0,0.0,-2320.0
713,-2320.0,0.0,-2320.0
714,-2320.0,0.0,-2320.0
715,-2400.0,0.0,-2320.0
716,-2320.0,0.0,-2320.0
717,-2320.0,0.0,-2320.0
718,-2240.0,0.0,-2320.0
719,-2320.0,0.0,-2320.0
720,-2240.0,0.0,-2320.0
721,-2240.0,0.0,-2320.0
722,-2320.0,0.0,-2320.0
723,-2320.0,0.0,-2240.0
724,-2240.0,0.0,-2240.0
725,-2320.0,0.0,-2320.0
726,-2240.0,0.0,-2240.0
727,-2240.0,0.0,-2320.0
728,-2320.0,0.0,-2320.0
729,-2240.0,0.0,-2320.0
730,-2240.0,0.0,-2240.0
731,-2240.0,0.0,-2240.0
732,-2240.0,0.0,-2240.0
733,-2240.0,80.0,-2240.0
734,-2240.0,0.0,-2240.0
735,-2240.0,0.0,-2240.0
736,-2240.0,0.0,-2240.0
737,-2240.0,0.0,-2240.0
738,-2240.0,0.0,-2240.0
739,-2240.0,0.0,-2240.0
740,-2160.0,0.0,-2160.0
741,-2160.0,0.0,-2240.0
742,-2240.0,0.0,-2240.0
743,-2160.0,0.0,-2240.0
744,-2240.0,0.0,-2240.0
745,-2160.0,0.0,-2160.0
746,-2160.0,0.0,-2160.0
747,-2160.0,0.0,-2160.0
748,-2160.0,0.0,-2160.0
749,-2160.0,0.0,-2240.0
750,-2160.0,0.0,-2160.0
751,-2160.0,0.0,-2240.0
752,-2160.0,0.0,-2160.0
753,-2160.0,0.0,-2160.0
754,-2160.0,0.0,-2160.0
755,-2160.0,0.0,-2160.0
756,-2160.0,0.0,-2160.0
757,-2080.0,0.0,-2160.0
758,-2080.0,0.0,-2160.0
759,-2160.0,0.0,-2160.0
760,-2160.0,0.0,-2160.0
761,-2160.0,0.0,-2160.0
762,-2080.0,0.0,-2160.0
763,-2080.0,0.0,-2160.0
764,-2080.0,0.0,-2160.0
765,-2080.0,0.0,-2080.0
766,-2080.0,0.0,-2160.0
767,-2080.0,0.0,-2160.0
768,-2160.0,0.0,-2160.0
769,-2080.0,0.0,-2080.0
770,-2080.0,0.0,-2080.0
771,-2080.0,0.0,-2080.0
772,-2080.0,0.0,-2000.0
773,-2000.0,0.0,-2080.0
774,-2080.0,0.0,-2080.0
775,-2080.0,0.0,-2160.0
776,-2080.0,0.0,-2080.0
777,-2080.0,0.0,-2000.0
778,-2000.0,0.0,-2080.0
779,-2000.0,0.0,-2080.0
780,-2080.0,0.0,-2080.0
781,-2080.0,0.0,-2080.0
782,-2080.0,0.0,-2080.0
783,-2080.0,0.0,-2080.0
784,-2000.0,0.0,-2080.0
785,-2000.0,0.0,-2000.0
786,-2000.0,0.0,-2000.0
787,-2000.0,0.0,-2000.0
788,-2000.0,0.0,-2000.0
789,-2000.0,0.0,-2000.0
790,-2000.0,0.0,-2000.0
791,-2000.0,0.0,-2080.0
792,-2000.0,0.0,-2000.0
793,-2000.0,0.0,-2000.0
794,-2000.0,0.0,-2000.0
795,-1920.0,80.0,-2000.0
796,-2000.0,0.0,-2000.0
797,-1920.0,0.0,-2000.0
798,-1920.0,0.0,-2000.0
799,-1920.0,0.0,-2000.0
800,-2000.0,0.0,-2000.0
801,-2000.0,0.0,-2000.0
802,-1920.0,0.0,-1920.0
803,-1920.0,0.0,-1920.0
804,-2000.0,0.0,-2000.0
805,-1920.0,0.0,-2000.0
806,-2000.0,0.0,-1920.0
807,-1920.0,0.0,-2000.0
808,-1920.0,0.0,-2000.0
809,-1920.0,0.0,-1920.0
810,-1920.0,0.0,-1920.0
811,-1920.0,0.0,-1920.0
812,-1920.0,0.0,-1920.0
813,-1920.0,0.0,-1920.0
814,-1920.0,0.0,-1920.0
815,-1920.0,0.0,-1920.0
816,-1920.0,0.0,-1840.0
817,-1840.0,0.0,-1920.0
818,-1840.0,0.0,-1920.0
819,-1840.0,0.0,-1920.0
820,-1840.0,0.0,-1920.0
821,-1920.0,0.0,-1920.0
822,-1840.0,0.0,-1920.0
823,-1920.0,0.0,-1920.0
824,-1920.0,0.0,-1920.0
825,-1840.0,0.0,-1920.0
826,-1840.0,0.0,-1840.0
827,-1840.0,0.0,-1840.0
828,-1840.0,0.0,-1840.0
829,-1840.0,0.0,-1840.0
830,-1840.0,0.0,-1840.0
831,-1840.0,0.0,-1840.0
832,-1840.0,0.0,-1840.0
833,-1760.0,0.0,-1920.0
834,-1760.0,0.0,-1840.0
835,-1760.0,0.0,-1840.0
836,-1840.0,0.0,-1840.0
837,-1840.0,0.0,-1840.0
838,-1840.0,0.0,-1840.0
839,-1840.0,0.0,-1840.0
840,-1760.0,0.0,-1840.0
841,-1840.0,0.0,-1840.0
842,-1760.0,0.0,-1840.0
843,-1840.0,0.0,-1840.0
844,-1760.0,0.0,-1840.0
845,-1840.0,0.0,-1840.0
846,-1840.0,0.0,-1760.0
847,-1760.0,0.0,-1760.0
848,-1760.0,0.0,-1760.0
849,-1760.0,0.0,-1840.0
850,-1760.0,0.0,-1840.0
851,-1760.0,0.0,-1760.0
852,-1760.0,0.0,-1760.0
853,-1760.0,0.0,-1760.0
854,-1760.0,0.0,-1760.0
855,-1760.0,0.0,-1760.0
856,-1680.0,0.0,-1760.0
857,-1680.0,0.0,-1760.0
858,-1680.0,0.0,-1760.0
859,-1680.0,0.0,-1760.0
860,-1680.0,0.0,-1760.0
861,-1680.0,0.0,-1760.0
862,-1760.0,0.0,-1760.0
863,-1680.0,0.0,-1760.0
864,-1680.0,0.0,-1760.0
865,-1680.0,0.0,-1680.0
866,-1680.0,0.0,-1680.0
867,-1680.0,0.0,-1680.0
868,-1680.0,0.0,-1680.0
869,-1680.0,0.0,-1680.0
870,-1680.0,0.0,-1680.0
871,-1680.0,0.0,-1680.0
872,-1600.0,0.0,-1680.0
873,-1680.0,80.0,-1680.0
874,-1600.0,0.0,-1680.0
875,-1680.0,0.0,-1680.0
876,-1600.0,0.0,-1680.0
877,-1600.0,0.0,-1680.0
878,-1680.0,0.0,-1680.0
879,-1600.0,80.0,-1600.0
880,-1600.0,0.0,-1680.0
881,-1600.0,0.0,-1680.0
882,-1600.0,0.0,-1680.0
883,-1600.0,0.0,-1680.0
884,-1600.0,0.0,-1680.0
885,-1600.0,0.0,-1680.0
886,-1600.0,0.0,-1680.0
887,-1600.0,0.0,-1600.0
888,-1600.0,0.0,-1600.0
889,-1600.0,0.0,-1680.0
890,-1600.0,-80.0,-1680.0
891,-1600.0,80.0,-1600.0
892,-1600.0,0.0,-1680.0
893,-1600.0,0.0,-1680.0
894,-1600.0,0.0,-1600.0
895,-1520.0,80.0,-1600.0
896,-1600.0,80.0,-1600.0
897,-1600.0,0.0,-1600.0
898,-1520.0,0.0,-1600.0
899,-1520.0,0.0,-1600.0
900,-1520.0,0.0,-1600.0
901,-1520.0,0.0,-1600.0
902,-1520.0,0.0,-1600.0
903,-1520.0,0.0,-1600.0
904,-1520.0,0.0,-1520.0
905,-1520.0,0.0,-1600.0
906,-1520.0,0.0,-1600.0
907,-1520.0,80.0,-1600.0
908,-1520.0,0.0,-1520.0
909,-1520.0,0.0,-1520.0
910,-1520.0,0.0,-1520.0
911,-1520.0,0.0,-1520.0
912,-1520.0,0.0,-1520.0
913,-1440.0,0.0,-1520.0
914,-1520.0,0.0,-1520.0
915,-1520.0,0.0,-1520.0
916,-1520.0,0.0,-1520.0
917,-1520.0,0.0,-1520.0
918,-1520.0,0.0,-1520.0
919,-1440.0,0.0,-1520.0
920,-1440.0,0.0,-1440.0
921,-1440.0,0.0,-1520.0
922,-1520.0,0.0,-1520.0
923,-1440.0,0.0,-1520.0
924,-1440.0,0.0,-1520.0
925,-1440.0,0.0,-1440.0
926,-1440.0,0.0,-1440.0
927,-1360.0,0.0,-1440.0
928,-1440.0,0.0,-1520.0
929,-1440.0,0.0,-1440.0
930,-1440.0,0.0,-1520.0
931,-1440.0,0.0,-1440.0
932,-1440.0,80.0,-1520.0
933,-1440.0,0.0,-1520.0
934,-1440.0,-80.0,-1440.0
935,-1440.0,0.0,-1440.0
936,-1440.0,0.0,-1440.0
937,-1440.0,0.0,-1440.0
938,-1360.0,0.0,-1440.0
939,-1440.0,0.0,-1440.0
940,-1440.0,80.0,-1440.0
941,-1440.0,0.0,-1440.0
942,-1360.0,0.0,-1440.0
943,-1360.0,0.0,-1360.0
944,-1360.0,0.0,-1440.0
945,-1360.0,0.0,-1440.0
946,-1360.0,0.0,-1440.0
947,-1360.0,0.0,-1440.0
948,-1360.0,0.0,-1440.0
949,-1360.0,0.0,-1360.0
950,-1360.0,0.0,-1440.0
951,-1360.0,0.0,-1360.0
952,-1360.0,0.0,-1360.0
953,-1360.0,0.0,-1360.0
954,-1360.0,0.0,-1360.0
955,-1360.0,0.0,-1360.0
956,-1360.0,0.0,-1360.0
957,-1280.0,0.0,-1360.0
958,-1280.0,0.0,-1360.0
959,-1280.0,0.0,-1360.0
960,-1280.0,0.0,-1360.0
961,-1360.0,0.0,-1360.0
962,-1360.0,0.0,-1360.0
963,-1360.0,0.0,-1280.0
964,-1360.0,0.0,-1280.0
965,-1280.0,0.0,-1280.0
966,-1280.0,0.0,-1280.0
967,-1280.0,0.0,-1360.0
968,-1280.0,0.0,-1280.0
969,-1280.0,0.0,-1280.0
970,-1280.0,0.0,-1280.0
971,-1280.0,0.0,-1360.0
972,-1280.0,0.0,-1280.0
973,-1280.0,0.0,-1280.0
974,-1280.0,80.0,-1280.0
975,-1280.0,0.0,-1280.0
976,-1200.0,0.0,-1280.0
977,-1280.0,0.0,-1200.0
978,-1280.0,0.0,-1280.0
979,-1280.0,0.0,-1280.0
980,-1280.0,0.0,-1280.0
981,-1280.0,0.0,-1280.0
982,-1200.0,0.0,-1200.0
983,-1200.0,0.0,-1200.0
984,-1200.0,0.0,-1280.0
985,-1200.0,0.0,-1200.0
986,-1280.0,0.0,-1280.0
987,-1200.0,0.0,-1280.0
988,-1200.0,0.0,-1200.0
989,-1200.0,0.0,-1280.0
990,-1200.0,0.0,-1200.0
991,-1200.0,0.0,-1200.0
992,-1200.0,0.0,-1200.0
993,-1200.0,0.0,-1200.0
994,-1200.0,0.0,-1200.0
995,-1200.0,0.0,-1200.0
996,-1200.0,0.0,-1200.0
997,-1120.0,0.0,-1200.0
998,-1200.0,0.0,-1200.0
999,-1120.0,0.0,-1200.0
1000,-1120.0,0.0,-1200.0
1001,-1200.0,0.0,-1200.0
1002,-1120.0,0.0,-1200.0
1003,-1120.0,0.0,-1120.0
1004,-1200.0,0.0,-1120.0
1005,-1120.0,0.0,-1120.0
1006,-1120.0,0.0,-1120.0
1007,-1120.0,0.0,-1120.0
1008,-1120.0,0.0,-1200.0
1009,-1120.0,0.0,-1200.0
1010,-1120.0,0.0,-1200.0
1011,-1120.0,0.0,-1120.0
1012,-1120.0,0.0,-1120.0
1013,-1120.0,0.0,-1120.0
1014,-1040.0,0.0,-1120.0
1015,-1120.0,0.0,-1120.0
1016,-1040.0,0.0,-1120.0
1017,-1120.0,0.0,-1120.0
1018,-1120.0,0.0,-1120.0
1019,-1120.0,0.0,-1120.0
1020,-1040.0,0.0,-1120.0
1021,-1040.0,0.0,-1040.0
1022,-1120.0,0.0,-1120.0
1023,-1120.0,0.0,-1120.0
1024,-1120.0,0.0,-1040.0
1025,-1040.0,0.0,-1040.0
1026,-1120.0,0.0,-1120.0
1027,-1040.0,0.0,-1040.0
1028,-1040.0,0.0,-1040.0
1029,-1040.0,0.0,-1040.0
1030,-1040.0,0.0,-1040.0
1031,-1040.0,0.0,-1040.0
1032,-1040.0,0.0,-1040.0
1033,-1040.0,0.0,-1040.0
1034,-1040.0,0.0,-1040.0
1035,-1040.0,0.0,-960.0
1036,-1040.0,0.0,-1040.0
1037,-1040.0,0.0,-1040.0
1038,-1040.0,0.0,-1040.0
1039,-1040.0,0.0,-1040.0
1040,-960.0,0.0,-1040.0
1041,-960.0,0.0,-1040.0
1042,-1040.0,0.0,-960.0
1043,-960.0,0.0,-960.0
1044,-960.0,0.0,-1040.0
1045,-960.0,0.0,-960.0
1046,-960.0,0.0,-1040.0
1047,-960.0,0.0,-960.0
1048,-960.0,0.0,-960.0
1049,-960.0,0.0,-1040.0
1050,-960.0,0.0,-960.0
1051,-960.0,0.0,-960.0
1052,-960.0,0.0,-960.0
1053,-960.0,0.0,-960.0
1054,-960.0,0.0,-1040.0
1055,-960.0,0.0,-960.0
1056,-960.0,0.0,-960.0
1057,-960.0,0.0,-960.0
1058,-960.0,0.0,-960.0
1059,-880.0,0.0,-960.0
1060,-880.0,0.0,-960.0
1061,-880.0,80.0,-960.0
1062,-960.0,0.0,-960.0
1063,-960.0,0.0,-960.0
1064,-960.0,0.0,-960.0
1065,-960.0,0.0,-960.0
1066,-960.0,0.0,-880.0
1067,-880.0,0.0,-880.0
1068,-880.0,0.0,-880.0
1069,-880.0,0.0,-880.0
1070,-880.0,0.0,-880.0
1071,-960.0,0.0,-880.0
1072,-880.0,0.0,-880.0
1073,-880.0,0.0,-880.0
1074,-880.0,0.0,-880.0
1075,-880.0,0.0,-880.0
1076,-880.0,0.0,-880.0
1077,-880.0,0.0,-880.0
1078,-880.0,0.0,-880.0
1079,-880.0,0.0,-880.0
1080,-880.0,0.0,-880.0
1081,-880.0,0.0,-880.0
1082,-800.0,0.0,-800.0
1083,-880.0,0.0,-880.0
1084,-800.0,0.0,-880.0
1085,-800.0,0.0,-800.0
1086,-880.0,0.0,-800.0
1087,-800.0,0.0,-800.0
1088,-800.0,0.0,-880.0
1089,-880.0,0.0,-800.0
1090,-800.0,0.0,-800.0
1091,-800.0,0.0,-800.0
1092,-800.0,0.0,-800.0
1093,-800.0,0.0,-800.0
1094,-800.0,0.0,-800.0
1095,-800.0,0.0,-800.0
1096,-720.0,0.0,-800.0
1097,-800.0,0.0,-800.0
1098,-800.0,0.0,-800.0
1099,-720.0,0.0,-800.0
1100,-720.0,0.0,-800.0
1101,-720.0,0.0,-800.0
1102,-720.0,0.0,-800.0
1103,-720.0,0.0,-720.0
1104,-800.0,0.0,-800.0
1105,-720.0,0.0,-720.0
1106,-720.0,0.0,-720.0
1107,-720.0,0.0,-800.0
1108,-720.0,0.0,-720.0
1109,-720.0,0.0,-800.0
1110,-720.0,0.0,-720.0
1111,-720.0,0.0,-720.0
1112,-720.0,0.0,-720.0
1113,-720.0,0.0,-720.0
1114,-720.0,0.0,-720.0
1115,-640.0,0.0,-720.0
1116,-720.0,0.0,-720.0
1117,-720.0,0.0,-720.0
1118,-720.0,0.0,-720.0
1119,-720.0,0.0,-720.0
1120,-640.0,0.0,-720.0
1121,-720.0,0.0,-720.0
1122,-640.0,0.0,-640.0
1123,-720.0,0.0,-720.0
1124,-640.0,0.0,-720.0
1125,-640.0,0.0,-720.0
1126,-720.0,-80.0,-640.0
1127,-640.0,0.0,-640.0
1128,-720.0,0.0,-640.0
1129,-640.0,0.0,-640.0
1130,-640.0,0.0,-640.0
1131,-640.0,0.0,-640.0
1132,-640.0,0.0,-640.0
1133,-640.0,0.0,-640.0
1134,-640.0,0.0,-640.0
1135,-640.0,0.0,-640.0
1136,-640.0,0.0,-640.0
1137,-560.0,0.0,-640.0
1138,-640.0,0.0,-640.0
1139,-640.0,0.0,-640.0
1140,-560.0,0.0,-640.0
1141,-640.0,0.0,-640.0
1142,-640.0,0.0,-640.0
1143,-560.0,0.0,-640.0
1144,-640.0,0.0,-640.0
1145,-560.0,0.0,-640.0
1146,-560.0,0.0,-640.0
1147,-560.0,0.0,-560.0
1148,-560.0,0.0,-560.0
1149,-560.0,0.0,-560.0
1150,-560.0,0.0,-560.0
1151,-560.0,0.0,-560.0
1152,-560.0,0.0,-560.0
1153,-560.0,0.0,-560.0
1154,-560.0,0.0,-560.0
1155,-560.0,0.0,-560.0
1156,-560.0,0.0,-560.0
1157,-480.0,0.0,-560.0
1158,-560.0,0.0,-560.0
1159,-560.0,0.0,-560.0
1160,-480.0,0.0,-560.0
1161,-480.0,0.0,-480.0
1162,-480.0,0.0,-560.0
1163,-480.0,0.0,-480.0
1164,-560.0,0.0,-560.0
1165,-480.0,0.0,-480.0
1166,-480.0,0.0,-480.0
1167,-480.0,0.0,-480.0
1168,-480.0,0.0,-480.0
1169,-480.0,0.0,-480.0
1170,-480.0,0.0,-480.0
1171,-480.0,0.0,-480.0
1172,-480.0,0.0,-480.0
1173,-480.0,0.0,-480.0
1174,-480.0,0.0,-480.0
1175,-480.0,0.0,-480.0
1176,-480.0,0.0,-480.0
1177,-400.0,0.0,-480.0
1178,-480.0,0.0,-480.0
1179,-480.0,0.0,-480.0
1180,-400.0,0.0,-480.0
1181,-400.0,0.0,-480.0
1182,-400.0,0.0,-480.0
1183,-400.0,0.0,-480.0
1184,-400.0,0.0,-400.0
1185,-400.0,-80.0,-480.0
1186,-400.0,-80.0,-480.0
1187,-400.0,0.0,-480.0
1188,-400.0,0.0,-400.0
1189,-400.0,0.0,-400.0
1190,-400.0,0.0,-480.0
1191,-400.0,0.0,-400.0
1192,-400.0,0.0,-400.0
1193,-400.0,0.0,-400.0
1194,-400.0,0.0,-400.0
1195,-400.0,0.0,-400.0
1196,-320.0,0.0,-400.0
1197,-400.0,0.0,-400.0
1198,-400.0,0.0,-400.0
1199,-320.0,0.0,-320.0
1200,-320.0,0.0,-400.0
1201,-400.0,0.0,-400.0
1202,-320.0,0.0,-400.0
1203,-320.0,0.0,-400.0
1204,-320.0,0.0,-400.0
1205,-320.0,80.0,-400.0
1206,-320.0,0.0,-400.0
1207,-320.0,-80.0,-320.0
1208,-320.0,0.0,-400.0
1209,-320.0,0.0,-320.0
1210,-320.0,0.0,-320.0
1211,-320.0,0.0,-320.0
1212,-320.0,0.0,-320.0
1213,-320.0,0.0,-320.0
1214,-320.0,0.0,-320.0
1215,-320.0,0.0,-320.0
1216,-320.0,0.0,-320.0
1217,-240.0,0.0,-320.0
1218,-320.0,0.0,-320.0
1219,-240.0,0.0,-320.0
1220,-320.0,0.0,-320.0
1221,-320.0,0.0,-320.0
1222,-320.0,0.0,-240.0
1223,-240.0,0.0,-240.0
1224,-240.0,0.0,-320.0
1225,-240.0,0.0,-320.0
1226,-240.0,0.0,-240.0
1227,-240.0,0.0,-240.0
1228,-240.0,0.0,-240.0
1229,-240.0,0.0,-240.0
1230,-240.0,0.0,-240.0
1231,-160.0,0.0,-160.0
1232,-240.0,0.0,-240.0
1233,-160.0,0.0,-320.0
1234,-240.0,0.0,-240.0
1235,-160.0,0.0,-240.0
1236,-160.0,0.0,-240.0
1237,-160.0,0.0,-240.0
1238,-240.0,0.0,-160.0
1239,-160.0,0.0,-240.0
1240,-160.0,0.0,-240.0
1241,-160.0,0.0,-160.0
1242,-240.0,0.0,-240.0
1243,-160.0,0.0,-240.0
1244,-240.0,0.0,-160.0
1245,-160.0,0.0,-160.0
1246,-160.0,0.0,-160.0
1247,-160.0,0.0,-160.0
1248,-160.0,0.0,-160.0
1249,-160.0,0.0,-160.0
1250,-160.0,0.0,-160.0
1251,-160.0,0.0,-160.0
1252,-160.0,0.0,-160.0
1253,-160.0,0.0,-160.0
1254,-80.0,0.0,-160.0
1255,-160.0,0.0,-160.0
1256,-160.0,0.0,-160.0
1257,-80.0,0.0,-160.0
1258,-160.0,0.0,-160.0
1259,-80.0,0.0,-160.0
1260,-80.0,0.0,-160.0
1261,-80.0,0.0,-80.0
1262,-80.0,0.0,-160.0
1263,0.0,0.0,-160.0
1264,-80.0,0.0,-80.0
1265,-80.0,0.0,-80.0
1266,-80.0,0.0,-160.0
1267,-80.0,0.0,-80.0
1268,-80.0,0.0,-160.0
1269,-80.0,0.0,-80.0
1270,0.0,0.0,-80.0
1271,-80.0,0.0,-80.0
1272,-80.0,0.0,-80.0
1273,-80.0,0.0,-80.0
1274,-80.0,0.0,-80.0
1275,-80.0,0.0,-80.0
1276,-80.0,0.0,-80.0
1277,-80.0,0.0,0.0
1278,-80.0,0.0,0.0
1279,0.0,0.0,0.0
1280,0.0,0.0,-80.0
1281,0.0,0.0,-80.0
1282,0.0,0.0,0.0
1283,0.0,0.0,-80.0
1284,-80.0,0.0,-80.0
1285,80.0,0.0,0.0
1286,0.0,0.0,0.0
1287,80.0,0.0,0.0
1288,80.0,0.0,0.0
1289,0.0,0.0,0.0
1290,0.0,0.0,0.0
1291,0.0,0.0,0.0
1292,0.0,0.0,80.0
1293,80.0,0.0,0.0
1294,80.0,0.0,80.0
1295,80.0,0.0,0.0
1296,0.0,0.0,0.0
1297,80.0,0.0,0.0
1298,80.0,0.0,0.0
1299,80.0,0.0,0.0
1300,80.0,0.0,0.0
1301,80.0,0.0,0.0
1302,0.0,0.0,0.0
1303,0.0,0.0,0.0
1304,0.0,0.0,0.0
1305,0.0,80.0,0.0
1306,0.0,0.0,0.0
1307,0.0,0.0,-80.0
1308,80.0,0.0,0.0
1309,80.0,0.0,80.0
1310,80.0,0.0,0.0
1311,80.0,0.0,80.0
1312,80.0,0.0,0.0
1313,80.0,0.0,80.0
1314,80.0,0.0,80.0
1315,80.0,0.0,80.0
1316,80.0,0.0,80.0
1317,80.0,0.0,0.0
1318,80.0,0.0,80.0
1319,80.0,0.0,80.0
1320,80.0,0.0,80.0
1321,80.0,0.0,80.0
1322,80.0,0.0,80.0
1323,80.0,0.0,80.0
1324,160.0,0.0,80.0
1325,160.0,0.0,80.0
1326,160.0,0.0,80.0
1327,80.0,0.0,80.0
1328,160.0,0.0,80.0
1329,160.0,0.0,160.0
1330,160.0,0.0,160.0
1331,160.0,0.0,80.0
1332,160.0,0.0,160.0
1333,160.0,0.0,80.0
1334,160.0,0.0,80.0
1335,160.0,0.0,160.0
1336,160.0,0.0,160.0
1337,160.0,0.0,160.0
1338,160.0,0.0,160.0
1339,160.0,0.0,160.0
1340,240.0,0.0,160.0
1341,240.0,0.0,160.0
1342,240.0,0.0,240.0
1343,240.0,0.0,160.0
1344,240.0,0.0,160.0
1345,160.0,0.0,160.0
1346,240.0,0.0,160.0
1347,240.0,0.0,240.0
1348,240.0,0.0,240.0
1349,240.0,0.0,240.0
1350,240.0,0.0,240.0
1351,240.0,0.0,240.0
1352,240.0,0.0,160.0
1353,240.0,0.0,240.0
1354,240.0,0.0,240.0
1355,240.0,0.0,240.0
1356,240.0,-80.0,320.0
1357,240.0,0.0,240.0
1358,320.0,0.0,240.0
1359,320.0,0.0,240.0
1360,240.0,0.0,240.0
1361,240.0,0.0,240.0
1362,240.0,0.0,240.0
1363,240.0,80.0,240.0
1364,320.0,0.0,240.0
1365,240.0,0.0,320.0
1366,320.0,0.0,240.0
1367,320.0,0.0,320.0
1368,240.0,0.0,320.0
1369,240.0,0.0,240.0
1370,320.0,0.0,320.0
1371,320.0,80.0,320.0
1372,320.0,0.0,320.0
1373,320.0,0.0,320.0
1374,320.0,0.0,320.0
1375,320.0,0.0,320.0
1376,320.0,0.0,320.0
1377,320.0,-80.0,320.0
1378,320.0,0.0,320.0
1379,320.0,0.0,320.0
1380,320.0,0.0,400.0
1381,320.0,0.0,320.0
1382,320.0,0.0,400.0
1383,320.0,0.0,320.0
1384,320.0,0.0,320.0
1385,400.0,-80.0,400.0
1386,400.0,0.0,400.0
1387,400.0,0.0,400.0
1388,400.0,0.0,400.0
1389,400.0,0.0,400.0
1390,400.0,0.0,320.0
1391,400.0,0.0,400.0
1392,400.0,0.0,400.0
1393,400.0,0.0,400.0
1394,400.0,0.0,400.0
1395,400.0,0.0,400.0
1396,400.0,0.0,400.0
1397,400.0,0.0,400.0
1398,400.0,0.0,400.0
1399,400.0,0.0,400.0
1400,400.0,-80.0,400.0
1401,400.0,0.0,400.0
1402,400.0,0.0,400.0
1403,400.0,0.0,480.0
1404,480.0,0.0,400.0
1405,400.0,0.0,400.0
1406,480.0,0.0,480.0
1407,400.0,0.0,480.0
1408,480.0,0.0,400.0
1409,480.0,80.0,400.0
1410,400.0,-80.0,480.0
1411,480.0,0.0,480.0
1412,480.0,0.0,480.0
1413,480.0,0.0,480.0
1414,480.0,0.0,480.0
1415,480.0,0.0,480.0
1416,480.0,0.0,480.0
1417,480.0,0.0,480.0
1418,480.0,0.0,560.0
1419,480.0,0.0,560.0
1420,480.0,0.0,480.0
1421,480.0,0.0,560.0
1422,480.0,0.0,560.0
1423,480.0,0.0,480.0
1424,560.0,0.0,480.0
1425,480.0,0.0,560.0
1426,560.0,0.0,560.0
1427,560.0,0.0,560.0
1428,560.0,0.0,560.0
1429,560.0,0.0,560.0
1430,560.0,0.0,560.0
1431,560.0,0.0,560.0
1432,560.0,0.0,560.0
1433,560.0,0.0,560.0
1434,560.0,80.0,560.0
1435,560.0,0.0,560.0
1436,560.0,0.0,560.0
1437,560.0,0.0,560.0
1438,560.0,0.0,560.0
1439,560.0,0.0,560.0
1440,560.0,0.0,640.0
1441,560.0,0.0,640.0
1442,640.0,0.0,640.0
1443,640.0,0.0,560.0
1444,560.0,0.0,560.0
1445,640.0,0.0,640.0
1446,560.0,0.0,640.0
1447,640.0,0.0,640.0
1448,560.0,0.0,560.0
1449,640.0,0.0,640.0
1450,640.0,0.0,640.0
1451,640.0,0.0,640.0
1452,640.0,0.0,640.0
1453,640.0,0.0,640.0
1454,640.0,0.0,640.0
1455,640.0,0.0,640.0
1456,640.0,0.0,640.0
1457,640.0,0.0,640.0
1458,720.0,0.0,640.0
1459,640.0,0.0,640.0
1460,640.0,0.0,720.0
1461,640.0,0.0,640.0
1462,640.0,0.0,640.0
1463,640.0,0.0,640.0
1464,640.0,-80.0,720.0
1465,640.0,0.0,720.0
1466,720.0,0.0,720.0
1467,720.0,0.0,720.0
1468,640.0,0.0,720.0
1469,720.0,0.0,720.0
1470,640.0,0.0,720.0
1471,720.0,0.0,720.0
1472,720.0,0.0,720.0
1473,720.0,0.0,720.0
1474,720.0,0.0,800.0
1475,800.0,0.0,720.0
1476,720.0,0.0,720.0
1477,720.0,0.0,720.0
1478,720.0,0.0,800.0
1479,720.0,0.0,720.0
1480,720.0,0.0,720.0
1481,720.0,0.0,800.0
1482,720.0,0.0,720.0
1483,720.0,0.0,720.0
1484,800.0,0.0,800.0
1485,800.0,0.0,800.0
1486,800.0,0.0,800.0
1487,720.0,0.0,720.0
1488,800.0,0.0,800.0
1489,800.0,0.0,800.0
1490,800.0,0.0,800.0
1491,800.0,0.0,800.0
1492,800.0,0.0,800.0
1493,800.0,0.0,800.0
1494,800.0,0.0,800.0
1495,800.0,0.0,800.0
1496,800.0,0.0,880.0
1497,800.0,0.0,880.0
1498,800.0,80.0,800.0
1499,800.0,0.0,800.0
1500,800.0,0.0,800.0
1501,800.0,0.0,880.0
1502,800.0,0.0,800.0
1503,800.0,0.0,880.0
1504,880.0,0.0,880.0
1505,880.0,0.0,880.0
1506,800.0,0.0,880.0
1507,800.0,0.0,880.0
1508,880.0,0.0,880.0
1509,880.0,0.0,880.0
1510,800.0,0.0,880.0
1511,880.0,0.0,880.0
1512,880.0,0.0,880.0
1513,880.0,0.0,880.0
1514,880.0,0.0,880.0
1515,880.0,0.0,880.0
1516,880.0,0.0,880.0
1517,880.0,0.0,880.0
1518,880.0,0.0,880.0
1519,880.0,80.0,960.0
1520,960.0,0.0,880.0
1521,960.0,0.0,880.0
1522,880.0,0.0,880.0
1523,880.0,0.0,880.0
1524,880.0,0.0,880.0
1525,960.0,0.0,880.0
1526,960.0,0.0,960.0
1527,960.0,0.0,960.0
1528,960.0,0.0,960.0
1529,960.0,0.0,960.0
1530,960.0,0.0,960.0
1531,960.0,0.0,960.0
1532,960.0,0.0,960.0
1533,960.0,0.0,960.0
1534,960.0,0.0,960.0
1535,960.0,0.0,960.0
1536,960.0,80.0,960.0
1537,960.0,0.0,960.0
1538,960.0,0.0,960.0
1539,960.0,0.0,960.0
1540,960.0,0.0,960.0
1541,960.0,0.0,960.0
1542,960.0,0.0,960.0
1543,960.0,0.0,1040.0
1544,1040.0,0.0,960.0
1545,1040.0,0.0,1040.0
1546,1040.0,0.0,960.0
1547,1040.0,0.0,1040.0
1548,960.0,0.0,960.0
1549,1040.0,0.0,960.0
1550,960.0,0.0,1040.0
1551,1040.0,0.0,1040.0
1552,1040.0,0.0,1040.0
1553,1040.0,0.0,1040.0
1554,1040.0,0.0,1040.0
1555,1040.0,0.0,1040.0
1556,1040.0,0.0,1040.0
1557,1040.0,0.0,1040.0
1558,1040.0,0.0,1040.0
1559,1040.0,0.0,1040.0
1560,1040.0,80.0,1120.0
1561,1040.0,0.0,1040.0
1562,1040.0,0.0,1040.0
1563,1040.0,0.0,1040.0
1564,1040.0,0.0,1120.0
1565,1120.0,0.0,1040.0
1566,1040.0,0.0,1040.0
1567,1040.0,0.0,1040.0
1568,1120.0,0.0,1120.0
1569,1120.0,0.0,1120.0
1570,1120.0,0.0,1120.0
1571,1040.0,0.0,1120.0
1572,1040.0,0.0,1040.0
1573,1040.0,0.0,1120.0
1574,1120.0,0.0,1120.0
1575,1120.0,0.0,1120.0
1576,1120.0,0.0,1120.0
1577,1120.0,0.0,1120.0
1578,1120.0,0.0,1120.0
1579,1120.0,80.0,1120.0
1580,1120.0,0.0,1120.0
1581,1120.0,0.0,1120.0
1582,1120.0,0.0,1120.0
1583,1120.0,0.0,1200.0
1584,1120.0,0.0,1120.0
1585,1120.0,0.0,1120.0
1586,1120.0,0.0,1200.0
1587,1120.0,0.0,1200.0
1588,1200.0,0.0,1120.0
1589,1120.0,0.0,1200.0
1590,1200.0,0.0,1200.0
1591,1200.0,0.0,1200.0
1592,1200.0,0.0,1200.0
1593,1120.0,0.0,1200.0
1594,1120.0,0.0,1200.0
1595,1200.0,80.0,1200.0
1596,1200.0,0.0,1200.0
1597,1200.0,0.0,1200.0
1598,1200.0,0.0,1200.0
1599,1200.0,0.0,1280.0
1600,1200.0,0.0,1200.0
1601,1200.0,0.0,1200.0
1602,1200.0,80.0,1200.0
1603,1200.0,0.0,1200.0
1604,1200.0,0.0,1200.0
1605,1200.0,0.0,1280.0
1606,1200.0,0.0,1280.0
1607,1280.0,0.0,1280.0
1608,1200.0,0.0,1200.0
1609,1280.0,0.0,1280.0
1610,1280.0,0.0,1280.0
1611,1280.0,0.0,1280.0
1612,1280.0,0.0,1280.0
1613,1280.0,0.0,1280.0
1614,1280.0,0.0,1280.0
1615,1280.0,0.0,1280.0
1616,1280.0,0.0,1280.0
1617,1280.0,0.0,1280.0
1618,1280.0,0.0,1280.0
1619,1280.0,0.0,1280.0
1620,1280.0,0.0,1280.0
1621,1280.0,0.0,1360.0
1622,1280.0,0.0,1360.0
1623,1280.0,0.0,1360.0
1624,1280.0,0.0,1280.0
1625,1280.0,0.0,1360.0
1626,1280.0,0.0,1360.0
1627,1360.0,0.0,1280.0
1628,1280.0,0.0,1360.0
1629,1360.0,0.0,1360.0
1630,1360.0,0.0,1360.0
1631,1360.0,0.0,1440.0
1632,1360.0,0.0,1360.0
1633,1360.0,0.0,1360.0
1634,1360.0,0.0,1360.0
1635,1360.0,0.0,1360.0
1636,1360.0,0.0,1360.0
1637,1360.0,0.0,1360.0
1638,1360.0,0.0,1360.0
1639,1360.0,0.0,1440.0
1640,1440.0,0.0,1360.0
1641,1360.0,0.0,1360.0
1642,1360.0,0.0,1360.0
1643,1360.0,0.0,1360.0
1644,1360.0,0.0,1440.0
1645,1440.0,0.0,1440.0
1646,1440.0,0.0,1440.0
1647,1360.0,0.0,1440.0
1648,1440.0,0.0,1440.0
1649,1360.0,0.0,1440.0
1650,1440.0,0.0,1440.0
1651,1440.0,0.0,1440.0
1652,1440.0,0.0,1520.0
1653,1440.0,0.0,1440.0
1654,1440.0,0.0,1440.0
1655,1440.0,0.0,1440.0
1656,1440.0,0.0,1440.0
1657,1440.0,0.0,1520.0
1658,1440.0,0.0,1440.0
1659,1440.0,80.0,1440.0
1660,1440.0,0.0,1440.0
1661,1520.0,0.0,1520.0
1662,1520.0,0.0,1520.0
1663,1520.0,0.0,1520.0
1664,1440.0,0.0,1520.0
1665,1520.0,0.0,1520.0
1666,1520.0,0.0,1520.0
1667,1440.0,0.0,1440.0
1668,1520.0,0.0,1520.0
1669,1520.0,0.0,1520.0
1670,1520.0,0.0,1520.0
1671,1520.0,0.0,1520.0
1672,1520.0,0.0,1520.0
1673,1520.0,0.0,1520.0
1674,1520.0,0.0,1520.0
1675,1520.0,0.0,1520.0
1676,1520.0,-80.0,1600.0
1677,1520.0,0.0,1600.0
1678,1520.0,0.0,1520.0
1679,1520.0,0.0,1520.0
1680,1520.0,0.0,1600.0
1681,1600.0,0.0,1520.0
1682,1520.0,0.0,1600.0
1683,1520.0,0.0,1600.0
1684,1600.0,0.0,1600.0
1685,1600.0,0.0,1600.0
1686,1600.0,0.0,1600.0
1687,1600.0,0.0,1520.0
1688,1600.0,0.0,1600.0
1689,1600.0,80.0,1600.0
1690,1600.0,0.0,1600.0
1691,1600.0,0.0,1600.0
1692,1600.0,0.0,1680.0
1693,1600.0,0.0,1600.0
1694,1600.0,80.0,1680.0
1695,1600.0,0.0,1680.0
1696,1600.0,0.0,1600.0
1697,1600.0,0.0,1600.0
1698,1600.0,0.0,1680.0
1699,1600.0,0.0,1600.0
1700,1680.0,0.0,1680.0
1701,1680.0,0.0,1680.0
1702,1600.0,0.0,1680.0
1703,1680.0,0.0,1680.0
1704,1680.0,0.0,1680.0
1705,1680.0,0.0,1680.0
1706,1680.0,0.0,1680.0
1707,1680.0,0.0,1680.0
1708,1680.0,0.0,1680.0
1709,1680.0,0.0,1760.0
1710,1760.0,0.0,1680.0
1711,1680.0,0.0,1680.0
1712,1600.0,0.0,1680.0
1713,1680.0,0.0,1680.0
1714,1680.0,0.0,1680.0
1715,1760.0,0.0,1760.0
1716,1760.0,0.0,1760.0
1717,1760.0,0.0,1760.0
1718,1680.0,0.0,1680.0
1719,1680.0,0.0,1760.0
1720,1680.0,0.0,1760.0
1721,1680.0,0.0,1760.0
1722,1760.0,0.0,1760.0
1723,1760.0,0.0,1760.0
1724,1760.0,0.0,1760.0
1725,1760.0,0.0,1760.0
1726,1760.0,0.0,1760.0
1727,1760.0,0.0,1760.0
1728,1760.0,0.0,1760.0
1729,1760.0,0.0,1760.0
1730,1760.0,0.0,1760.0
1731,1760.0,0.0,1760.0
1732,1760.0,0.0,1760.0
1733,1760.0,0.0,1760.0
1734,1760.0,0.0,1760.0
1735,1760.0,0.0,1840.0
1736,1760.0,0.0,1760.0
1737,1760.0,0.0,1760.0
1738,1760.0,0.0,1840.0
1739,1840.0,0.0,1840.0
1740,1840.0,80.0,1760.0
1741,1840.0,0.0,1840.0
1742,1840.0,0.0,1760.0
1743,1760.0,0.0,1760.0
1744,1840.0,0.0,1840.0
1745,1840.0,0.0,1840.0
1746,1840.0,0.0,1840.0
1747,1840.0,0.0,1840.0
1748,1840.0,0.0,1840.0
1749,1840.0,0.0,1840.0
1750,1840.0,0.0,1840.0
1751,1920.0,0.0,1840.0
1752,1840.0,0.0,1840.0
1753,1840.0,0.0,1840.0
1754,1840.0,0.0,1840.0
1755,1840.0,0.0,1840.0
1756,1840.0,0.0,1840.0
1757,1920.0,80.0,1840.0
1758,1840.0,0.0,1840.0
1759,1840.0,0.0,1840.0
1760,1920.0,0.0,1920.0
1761,1840.0,0.0,1920.0
1762,1920.0,0.0,1920.0
1763,1920.0,0.0,1920.0
1764,1920.0,0.0,1920.0
1765,2000.0,0.0,1920.0
1766,1920.0,0.0,1840.0
1767,1920.0,0.0,1920.0
1768,1920.0,0.0,1920.0
1769,1920.0,0.0,1920.0
1770,1920.0,0.0,1920.0
1771,2000.0,0.0,1920.0
1772,2000.0,0.0,1920.0
1773,1920.0,0.0,1920.0
1774,1920.0,0.0,2000.0
1775,1920.0,80.0,2000.0
1776,2000.0,0.0,1920.0
1777,1920.0,0.0,2000.0
1778,2000.0,0.0,2000.0
1779,2000.0,0.0,2000.0
1780,2000.0,0.0,2000.0
1781,1920.0,0.0,2000.0
1782,2000.0,0.0,1920.0
1783,1920.0,0.0,2000.0
1784,1840.0,0.0,2000.0
1785,2000.0,0.0,2000.0
1786,2000.0,0.0,2000.0
1787,2000.0,0.0,2000.0
1788,2000.0,0.0,2000.0
1789,2000.0,0.0,2000.0
1790,2080.0,0.0,2000.0
1791,2000.0,0.0,2000.0
1792,2000.0,0.0,2000.0
1793,2000.0,0.0,2080.0
1794,2000.0,0.0,2080.0
1795,2080.0,80.0,2080.0
1796,2000.0,0.0,2000.0
1797,2080.0,80.0,2000.0
1798,2080.0,0.0,2000.0
1799,2000.0,0.0,2000.0
1800,2080.0,0.0,2080.0
1801,2080.0,0.0,2080.0
1802,2000.0,0.0,2000.0
1803,2080.0,0.0,2000.0
1804,2000.0,0.0,2080.0
1805,2080.0,0.0,2080.0
1806,2080.0,0.0,2080.0
1807,2080.0,80.0,2080.0
1808,2080.0,0.0,2080.0
1809,2080.0,0.0,2080.0
1810,2080.0,0.0,2080.0
1811,2080.0,0.0,2080.0
1812,2080.0,0.0,2080.0
1813,2080.0,0.0,2080.0
1814,2080.0,0.0,2080.0
1815,2080.0,0.0,2080.0
1816,2080.0,0.0,2080.0
1817,2160.0,0.0,2160.0
1818,2160.0,0.0,2080.0
1819,2160.0,0.0,2160.0
1820,2160.0,0.0,2080.0
1821,2160.0,0.0,2080.0
1822,2160.0,0.0,2080.0
1823,2160.0,0.0,2160.0
1824,2160.0,0.0,2160.0
1825,2160.0,0.0,2160.0
1826,2160.0,0.0,2160.0
1827,2240.0,0.0,2160.0
1828,2160.0,80.0,2080.0
1829,2160.0,0.0,2080.0
1830,2160.0,0.0,2080.0
1831,2160.0,0.0,2160.0
1832,2160.0,80.0,2160.0
1833,2160.0,80.0,2160.0
1834,2160.0,0.0,2160.0
1835,2240.0,80.0,2160.0
1836,2160.0,80.0,2160.0
1837,2240.0,0.0,2160.0
1838,2160.0,80.0,2160.0
1839,2160.0,80.0,2160.0
1840,2160.0,80.0,2240.0
1841,2240.0,0.0,2160.0
1842,2240.0,80.0,2160.0
1843,2240.0,0.0,2160.0
1844,2240.0,80.0,2240.0
1845,2240.0,80.0,2160.0
1846,2240.0,80.0,2160.0
1847,2240.0,80.0,2160.0
1848,2240.0,80.0,2160.0
1849,2240.0,80.0,2160.0
1850,2240.0,80.0,2160.0
1851,2240.0,80.0,2160.0
1852,2240.0,80.0,2160.0
1853,2240.0,80.0,2160.0
1854,2240.0,80.0,2160.0
1855,2240.0,80.0,2160.0
1856,2240.0,80.0,2160.0
1857,2240.0,80.0,2160.0
1858,2320.0,80.0,2160.0
1859,2320.0,160.0,2160.0
1860,2320.0,80.0,2160.0
1861,2320.0,160.0,2160.0
1862,2320.0,80.0,2160.0
1863,2320.0,80.0,2160.0
1864,2320.0,80.0,2240.0
1865,2320.0,80.0,2160.0
1866,2320.0,160.0,2160.0
1867,2320.0,80.0,2160.0
1868,2320.0,80.0,2160.0
1869,2320.0,160.0,2160.0
1870,2320.0,80.0,2160.0
1871,2320.0,80.0,2240.0
1872,2320.0,160.0,2240.0
1873,2320.0,160.0,2160.0
1874,2400.0,160.0,2240.0
1875,2400.0,160.0,2160.0
1876,2320.0,160.0,2240.0
1877,2320.0,160.0,2240.0
1878,2400.0,80.0,2240.0
1879,2400.0,160.0,2240.0
1880,2400.0,160.0,2240.0
1881,2400.0,160.0,2240.0
1882,2400.0,160.0,2240.0
1883,2400.0,240.0,2160.0
1884,2400.0,160.0,2240.0
1885,2400.0,160.0,2240.0
1886,2400.0,160.0,2240.0
1887,2400.0,160.0,2240.0
1888,2480.0,160.0,2240.0
1889,2400.0,160.0,2240.0
1890,2400.0,160.0,2240.0
1891,2400.0,160.0,2240.0
1892,2400.0,160.0,2240.0
1893,2400.0,160.0,2160.0
1894,2400.0,240.0,2240.0
1895,2400.0,160.0,2240.0
1896,2480.0,160.0,2240.0
1897,2480.0,240.0,2240.0
1898,2480.0,240.0,2240.0
1899,2480.0,240.0,2240.0
1900,2480.0,160.0,2240.0
1901,2400.0,160.0,2240.0
1902,2400.0,240.0,2240.0
1903,2480.0,240.0,2240.0
1904,2480.0,240.0,2240.0
1905,2480.0,240.0,2240.0
1906,2480.0,240.0,2240.0
1907,2480.0,240.0,2240.0
1908,2480.0,240.0,2240.0
1909,2480.0,240.0,2240.0
1910,2480.0,240.0,2240.0
1911,2480.0,240.0,2240.0
1912,2480.0,240.0,2240.0
1913,2480.0,240.0,2240.0
1914,2560.0,240.0,2240.0
1915,2560.0,240.0,2240.0
1916,2560.0,240.0,2240.0
1917,2560.0,240.0,2240.0
1918,2560.0,240.0,2240.0
1919,2560.0,240.0,2240.0
1920,2560.0,320.0,2240.0
1921,2480.0,320.0,2240.0
1922,2560.0,240.0,2240.0
1923,2560.0,320.0,2240.0
1924,2560.0,320.0,2240.0
1925,2480.0,320.0,2240.0
1926,2560.0,320.0,2240.0
1927,2560.0,320.0,2240.0
1928,2560.0,400.0,2240.0
1929,2560.0,320.0,2240.0
1930,2560.0,320.0,2240.0
1931,2560.0,320.0,2240.0
1932,2560.0,320.0,2240.0
1933,2560.0,320.0,2240.0
1934,2640.0,320.0,2240.0
1935,2560.0,320.0,2240.0
1936,2640.0,320.0,2240.0
1937,2640.0,320.0,2240.0
1938,2640.0,400.0,2240.0
1939,2640.0,320.0,2240.0
1940,2640.0,320.0,2240.0
1941,2560.0,320.0,2240.0
1942,2640.0,400.0,2240.0
1943,2640.0,400.0,2240.0
1944,2640.0,400.0,2240.0
1945,2640.0,400.0,2240.0
1946,2640.0,400.0,2240.0
1947,2640.0,400.0,2240.0
1948,2560.0,400.0,2240.0
1949,2640.0,400.0,2240.0
1950,2640.0,400.0,2320.0
1951,2720.0,400.0,2240.0
1952,2720.0,400.0,2240.0
1953,2640.0,400.0,2240.0
1954,2640.0,400.0,2240.0
1955,2640.0,400.0,2240.0
1956,2640.0,400.0,2240.0
1957,2720.0,400.0,2240.0
1958,2640.0,400.0,2240.0
1959,2720.0,400.0,2240.0
1960,2720.0,400.0,2240.0
1961,2720.0,400.0,2240.0
1962,2640.0,400.0,2240.0
1963,2720.0,400.0,2240.0
1964,2720.0,480.0,2320.0
1965,2720.0,400.0,2240.0
1966,2720.0,480.0,2240.0
1967,2720.0,400.0,2240.0
1968,2720.0,480.0,2240.0
1969,2720.0,400.0,2240.0
1970,2720.0,480.0,2240.0
1971,2720.0,480.0,2240.0
1972,2720.0,480.0,2320.0
1973,2720.0,400.0,2240.0
1974,2720.0,480.0,2240.0
1975,2720.0,480.0,2240.0
1976,2720.0,480.0,2240.0
1977,2800.0,480.0,2240.0
1978,2720.0,480.0,2240.0
1979,2800.0,480.0,2240.0
1980,2720.0,480.0,2320.0
1981,2800.0,480.0,2240.0
1982,2800.0,480.0,2320.0
1983,2800.0,480.0,2240.0
1984,2800.0,480.0,2240.0
1985,2800.0,560.0,2240.0
1986,2800.0,480.0,2240.0
1987,2800.0,560.0,2240.0
1988,2800.0,560.0,2240.0
1989,2800.0,560.0,2240.0
1990,2800.0,560.0,2320.0
1991,2800.0,560.0,2240.0
1992,2800.0,560.0,2320.0
1993,2800.0,560.0,2240.0
1994,2800.0,560.0,2240.0
1995,2800.0,560.0,2240.0
1996,2800.0,560.0,2320.0
1997,2880.0,560.0,2240.0
1998,2880.0,560.0,2240.0
1999,2800.0,560.0,2240.0
2000,2880.0,560.0,2240.0
2001,2800.0,560.0,2240.0
2002,2800.0,560.0,2320.0
2003,2880.0,560.0,2240.0
2004,2880.0,560.0,2240.0
2005,2880.0,640.0,2240.0
2006,2880.0,560.0,2240.0
2007,2880.0,640.0,2240.0
2008,2880.0,640.0,2320.0
2009,2880.0,640.0,2240.0
2010,2880.0,640.0,2240.0
2011,2880.0,560.0,2240.0
2012,2880.0,640.0,2320.0
2013,2880.0,640.0,2240.0
2014,2880.0,640.0,2240.0
2015,2880.0,640.0,2320.0
2016,2880.0,640.0,2240.0
2017,2880.0,640.0,2240.0
2018,2880.0,640.0,2240.0
2019,2880.0,640.0,2240.0
2020,2960.0,640.0,2320.0
2021,2960.0,720.0,2240.0
2022,2960.0,640.0,2240.0
2023,2880.0,640.0,2240.0
2024,2880.0,640.0,2240.0
2025,2880.0,640.0,2240.0
2026,2960.0,640.0,2240.0
2027,2960.0,640.0,2320.0
2028,2960.0,720.0,2240.0
2029,2960.0,640.0,2240.0
2030,2960.0,720.0,2320.0
2031,2960.0,720.0,2320.0
2032,2960.0,640.0,2320.0
2033,2960.0,640.0,2240.0
2034,2960.0,720.0,2240.0
2035,2960.0,640.0,2240.0
2036,2960.0,640.0,2320.0
2037,2960.0,720.0,2240.0
2038,3040.0,720.0,2320.0
2039,3040.0,720.0,2240.0
2040,2960.0,720.0,2240.0
2041,2960.0,720.0,2240.0
2042,2960.0,720.0,2240.0
2043,3040.0,720.0,2240.0
2044,3040.0,720.0,2240.0
2045,3040.0,800.0,2320.0
2046,3040.0,720.0,2320.0
2047,3040.0,720.0,2320.0
2048,2960.0,720.0,2240.0
2049,3040.0,720.0,2320.0
2050,3040.0,800.0,2320.0
2051,3040.0,720.0,2240.0
2052,3040.0,720.0,2320.0
2053,3040.0,800.0,2320.0
2054,3040.0,800.0,2320.0
2055,3040.0,800.0,2240.0
2056,3040.0,800.0,2320.0
2057,3040.0,800.0,2240.0
2058,3040.0,720.0,2240.0
2059,3040.0,800.0,2320.0
2060,3040.0,800.0,2240.0
2061,3040.0,720.0,2240.0
2062,3120.0,800.0,2320.0
2063,3040.0,800.0,2240.0
2064,3040.0,800.0,2320.0
2065,3040.0,800.0,2240.0
2066,3040.0,800.0,2240.0
2067,3120.0,800.0,2320.0
2068,3120.0,880.0,2320.0
2069,3120.0,800.0,2320.0
2070,3040.0,800.0,2320.0
2071,3120.0,800.0,2320.0
2072,3120.0,800.0,2320.0
2073,3120.0,800.0,2240.0
2074,3120.0,800.0,2240.0
2075,3120.0,880.0,2240.0
2076,3120.0,880.0,2240.0
2077,3120.0,800.0,2320.0
2078,3120.0,880.0,2320.0
2079,3120.0,880.0,2320.0
2080,3120.0,800.0,2240.0
2081,3120.0,800.0,2320.0
2082,3120.0,800.0,2320.0
2083,3120.0,880.0,2320.0
2084,3200.0,880.0,2320.0
2085,3120.0,880.0,2320.0
2086,3200.0,880.0,2320.0
2087,3200.0,880.0,2320.0
2088,3120.0,880.0,2240.0
2089,3200.0,880.0,2320.0
2090,3200.0,880.0,2240.0
2091,3120.0,880.0,2240.0
2092,3120.0,880.0,2320.0
2093,3200.0,880.0,2320.0
2094,3120.0,880.0,2320.0
2095,3200.0,880.0,2240.0
2096,3200.0,880.0,2320.0
2097,3200.0,880.0,2320.0
2098,3200.0,880.0,2240.0
2099,3200.0,960.0,2240.0
2100,3200.0,960.0,2320.0
2101,3200.0,880.0,2240.0
2102,3200.0,960.0,2320.0
2103,3280.0,960.0,2240.0
2104,3200.0,960.0,2320.0
2105,3280.0,880.0,2240.0
2106,3200.0,960.0,2320.0
2107,3200.0,960.0,2320.0
2108,3200.0,960.0,2320.0
2109,3200.0,960.0,2320.0
2110,3200.0,960.0,2240.0
2111,3200.0,960.0,2240.0
2112,3280.0,960.0,2320.0
2113,3280.0,960.0,2240.0
2114,3280.0,960.0,2240.0
2115,3280.0,960.0,2320.0
2116,3280.0,960.0,2320.0
2117,3280.0,960.0,2320.0
2118,3280.0,960.0,2320.0
2119,3280.0,960.0,2320.0
2120,3280.0,960.0,2240.0
2121,3280.0,960.0,2320.0
2122,3280.0,1040.0,2240.0
2123,3280.0,960.0,2240.0
2124,3280.0,1040.0,2320.0
2125,3360.0,1040.0,2240.0
2126,3280.0,1040.0,2320.0
2127,3280.0,1040.0,2320.0
2128,3360.0,960.0,2320.0
2129,3360.0,1040.0,2240.0
2130,3360.0,1040.0,2320.0
2131,3360.0,1040.0,2320.0
2132,3360.0,1040.0,2320.0
2133,3360.0,1040.0,2320.0
2134,3280.0,1040.0,2320.0
2135,3360.0,1040.0,2320.0
2136,3280.0,1040.0,2320.0
2137,3360.0,1040.0,2240.0
2138,3360.0,1040.0,2320.0
2139,3360.0,1040.0,2320.0
2140,3360.0,1120.0,2320.0
2141,3360.0,1120.0,2320.0
2142,3440.0,1120.0,2320.0
2143,3360.0,1040.0,2320.0
2144,3360.0,1040.0,2320.0
2145,3440.0,1120.0,2320.0
2146,3360.0,1120.0,2320.0
2147,3360.0,1120.0,2320.0
2148,3360.0,1120.0,2240.0
2149,3440.0,1120.0,2320.0
2150,3440.0,1120.0,2320.0
2151,3440.0,1120.0,2320.0
2152,3440.0,1120.0,2240.0
2153,3440.0,1120.0,2320.0
2154,3440.0,1120.0,2320.0
2155,3440.0,1120.0,2320.0
2156,3440.0,1120.0,2320.0
2157,3440.0,1120.0,2320.0
2158,3440.0,1120.0,2320.0
2159,3440.0,1120.0,2320.0
2160,3440.0,1120.0,2320.0
2161,3440.0,1200.0,2240.0
2162,3440.0,1120.0,2320.0
2163,3440.0,1200.0,2320.0
2164,3440.0,1200.0,2320.0
2165,3440.0,1200.0,2320.0
2166,3520.0,1200.0,2240.0
2167,3440.0,1200.0,2320.0
2168,3520.0,1120.0,2320.0
2169,3520.0,1200.0,2320.0
2170,3520.0,1200.0,2320.0
2171,3520.0,1200.0,2320.0
2172,3520.0,1200.0,2320.0
2173,3520.0,1200.0,2240.0
2174,3520.0,1200.0,2240.0
2175,3440.0,1200.0,2320.0
2176,3520.0,1280.0,2240.0
2177,3520.0,1200.0,2320.0
2178,3520.0,1200.0,2320.0
2179,3520.0,1200.0,2320.0
2180,3600.0,1200.0,2320.0
2181,3600.0,1200.0,2320.0
2182,3520.0,1200.0,2320.0
2183,3520.0,1200.0,2320.0
2184,3600.0,1280.0,2240.0
2185,3520.0,1280.0,2320.0
2186,3600.0,1200.0,2320.0
2187,3600.0,1280.0,2320.0
2188,3520.0,1280.0,2320.0
2189,3520.0,1280.0,2320.0
2190,3520.0,1200.0,2320.0
2191,3520.0,1280.0,2320.0
2192,3600.0,1280.0,2320.0
2193,3600.0,1280.0,2320.0
2194,3600.0,1280.0,2320.0
2195,3600.0,1360.0,2320.0
2196,3600.0,1280.0,2320.0
2197,3600.0,1280.0,2320.0
2198,3600.0,1360.0,2320.0
2199,3600.0,1280.0,2320.0
2200,3600.0,1280.0,2320.0
2201,3680.0,1280.0,2320.0
2202,3600.0,1280.0,2320.0
2203,3600.0,1280.0,2320.0
2204,3600.0,1280.0,2320.0
2205,3600.0,1280.0,2320.0
2206,3600.0,1360.0,2320.0
2207,3600.0,1280.0,2320.0
2208,3680.0,1360.0,2320.0
2209,3680.0,1360.0,2320.0
2210,3680.0,1360.0,2320.0
2211,3680.0,1360.0,2320.0
2212,3680.0,1360.0,2320.0
2213,3680.0,1360.0,2320.0
2214,3600.0,1360.0,2320.0
2215,3680.0,1360.0,2320.0
2216,3680.0,1360.0,2320.0
2217,3680.0,1360.0,2320.0
2218,3680.0,1360.0,2240.0
2219,3680.0,1360.0,2320.0
2220,3680.0,1360.0,2320.0
2221,3680.0,1360.0,2320.0
2222,3680.0,1360.0,2320.0
2223,3680.0,1360.0,2240.0
2224,3760.0,1360.0,2320.0
2225,3760.0,1440.0,2320.0
2226,3680.0,1360.0,2320.0
2227,3760.0,1440.0,2320.0
2228,3680.0,1440.0,2240.0
2229,3760.0,1360.0,2320.0
2230,3760.0,1440.0,2320.0
2231,3760.0,1440.0,2320.0
2232,3760.0,1440.0,2320.0
2233,3760.0,1440.0,2320.0
2234,3760.0,1440.0,2320.0
2235,3760.0,1440.0,2320.0
2236,3760.0,1440.0,2240.0
2237,3760.0,1440.0,2320.0
2238,3760.0,1440.0,2320.0
2239,3760.0,1440.0,2320.0
2240,3760.0,1440.0,2320.0
2241,3760.0,1440.0,2320.0
2242,3760.0,1440.0,2320.0
2243,3760.0,1440.0,2320.0
2244,3760.0,1440.0,2320.0
2245,3760.0,1440.0,2320.0
2246,3760.0,1440.0,2320.0
2247,3840.0,1520.0,2240.0
2248,3840.0,1520.0,2320.0
2249,3840.0,1520.0,2320.0
2250,3840.0,1520.0,2320.0
2251,3840.0,1520.0,2320.0
2252,3760.0,1520.0,2320.0
2253,3840.0,1440.0,2240.0
2254,3840.0,1520.0,2320.0
2255,3840.0,1520.0,2320.0
2256,3840.0,1520.0,2320.0
2257,3840.0,1520.0,2320.0
2258,3840.0,1520.0,2320.0
2259,3840.0,1520.0,2320.0
2260,3840.0,1520.0,2320.0
2261,3840.0,1520.0,2240.0
2262,3840.0,1520.0,2320.0
2263,3920.0,1520.0,2320.0
2264,3920.0,1600.0,2320.0
2265,3840.0,1520.0,2320.0
2266,3840.0,1520.0,2320.0
2267,3920.0,1600.0,2320.0
2268,3840.0,1520.0,2320.0
2269,3920.0,1600.0,2320.0
2270,3920.0,1520.0,2240.0
2271,3840.0,1600.0,2320.0
2272,3920.0,1600.0,2320.0
2273,3920.0,1600.0,2320.0
2274,3920.0,1600.0,2320.0
2275,3840.0,1600.0,2320.0
2276,3920.0,1600.0,2320.0
2277,3920.0,1600.0,2320.0
2278,3920.0,1600.0,2320.0
2279,4000.0,1600.0,2320.0
2280,3920.0,1680.0,2320.0
2281,3920.0,1600.0,2320.0
2282,3920.0,1680.0,2320.0
2283,3920.0,1600.0,2320.0
2284,3920.0,1680.0,2320.0
2285,4000.0,1680.0,2320.0
2286,4000.0,1680.0,2320.0
2287,4000.0,1680.0,2320.0
2288,4000.0,1680.0,2320.0
2289,3920.0,1680.0,2320.0
2290,4000.0,1680.0,2320.0
2291,3920.0,1680.0,2320.0
2292,4000.0,1680.0,2240.0
2293,4000.0,1680.0,2320.0
2294,4000.0,1680.0,2320.0
2295,4000.0,1680.0,2320.0
2296,4000.0,1680.0,2320.0
2297,4000.0,1680.0,2320.0
2298,4000.0,1680.0,2320.0
2299,4000.0,1680.0,2320.0
2300,4000.0,1680.0,-2480.0
2301,-3280.0,1680.0,-3840.0
2302,-4000.0,0.0,-3840.0
2303,-4000.0,0.0,-3840.0
2304,-3920.0,0.0,-3840.0
2305,-3920.0,0.0,-3840.0
2306,-4000.0,0.0,-3840.0
2307,-4000.0,0.0,-3840.0
2308,-4000.0,0.0,-3840.0
2309,-3920.0,0.0,-3840.0
2310,-3920.0,80.0,-3760.0
2311,-3840.0,80.0,-3840.0
2312,-3920.0,0.0,-3840.0
2313,-3920.0,0.0,-3840.0
2314,-3920.0,0.0,-3840.0
2315,-3920.0,0.0,-3840.0
2316,-3920.0,80.0,-3840.0
2317,-3920.0,80.0,-3840.0
2318,-3840.0,0.0,-3760.0
2319,-3920.0,0.0,-3760.0
2320,-3920.0,0.0,-3840.0
2321,-3840.0,0.0,-3840.0
2322,-3840.0,0.0,-3840.0
2323,-3920.0,0.0,-3760.0
2324,-3840.0,0.0,-3760.0
2325,-3840.0,0.0,-3760.0
2326,-3840.0,0.0,-3760.0
2327,-3840.0,80.0,-3760.0
2328,-3840.0,0.0,-3760.0
2329,-3840.0,0.0,-3760.0
2330,-3840.0,0.0,-3760.0
2331,-3840.0,80.0,-3760.0
2332,-3840.0,0.0,-3760.0
2333,-3840.0,0.0,-3760.0
2334,-3840.0,0.0,-3760.0
2335,-3840.0,0.0,-3760.0
2336,-3840.0,0.0,-3760.0
2337,-3840.0,0.0,-3760.0
2338,-3840.0,0.0,-3760.0
2339,-3840.0,0.0,-3760.0
2340,-3760.0,0.0,-3680.0
2341,-3760.0,0.0,-3760.0
2342,-3840.0,0.0,-3680.0
2343,-3760.0,0.0,-3680.0
2344,-3760.0,0.0,-3760.0
2345,-3760.0,80.0,-3680.0
2346,-3760.0,0.0,-3680.0
2347,-3760.0,0.0,-3680.0
2348,-3760.0,0.0,-3680.0
2349,-3760.0,80.0,-3680.0
2350,-3760.0,0.0,-3680.0
2351,-3760.0,0.0,-3680.0
2352,-3760.0,0.0,-3680.0
2353,-3760.0,0.0,-3680.0
2354,-3760.0,0.0,-3680.0
2355,-3760.0,0.0,-3680.0
2356,-3760.0,0.0,-3680.0
2357,-3760.0,80.0,-3680.0
2358,-3680.0,0.0,-3680.0
2359,-3760.0,80.0,-3600.0
2360,-3760.0,0.0,-3600.0
2361,-3680.0,0.0,-3680.0
2362,-3680.0,0.0,-3680.0
2363,-3680.0,0.0,-3680.0
2364,-3680.0,0.0,-3600.0
2365,-3680.0,80.0,-3600.0
2366,-3680.0,0.0,-3600.0
2367,-3680.0,0.0,-3680.0
2368,-3680.0,0.0,-3600.0
2369,-3680.0,0.0,-3680.0
2370,-3680.0,0.0,-3600.0
2371,-3680.0,80.0,-3600.0
2372,-3680.0,0.0,-3600.0
2373,-3680.0,0.0,-3600.0
2374,-3680.0,80.0,-3600.0
2375,-3680.0,80.0,-3600.0
2376,-3680.0,0.0,-3600.0
2377,-3680.0,0.0,-3600.0
2378,-3680.0,80.0,-3600.0
2379,-3680.0,0.0,-3520.0
2380,-3600.0,80.0,-3600.0
2381,-3680.0,80.0,-3600.0
2382,-3600.0,80.0,-3600.0
2383,-3600.0,0.0,-3520.0
2384,-3600.0,0.0,-3600.0
2385,-3680.0,80.0,-3600.0
2386,-3680.0,0.0,-3600.0
2387,-3600.0,0.0,-3520.0
2388,-3600.0,0.0,-3520.0
2389,-3600.0,0.0,-3600.0
2390,-3600.0,0.0,-3600.0
2391,-3600.0,0.0,-3520.0
2392,-3600.0,0.0,-3520.0
2393,-3600.0,80.0,-3520.0
2394,-3520.0,0.0,-3520.0
2395,-3520.0,0.0,-3520.0
2396,-3600.0,0.0,-3520.0
2397,-3600.0,0.0,-3520.0
2398,-3600.0,0.0,-3520.0
2399,-3600.0,0.0,-3520.0
2400,-3600.0,0.0,-3520.0
2401,-3600.0,80.0,-3520.0
2402,-3600.0,0.0,-3440.0
2403,-3520.0,0.0,-3520.0
2404,-3520.0,80.0,-3520.0
2405,-3520.0,0.0,-3440.0
2406,-3520.0,0.0,-3520.0
2407,-3520.0,0.0,-3520.0
2408,-3520.0,0.0,-3520.0
2409,-3520.0,0.0,-3520.0
2410,-3520.0,0.0,-3440.0
2411,-3520.0,0.0,-3520.0
2412,-3520.0,0.0,-3520.0
2413,-3520.0,0.0,-3520.0
2414,-3520.0,0.0,-3440.0
2415,-3520.0,0.0,-3440.0
2416,-3520.0,0.0,-3440.0
2417,-3520.0,0.0,-3440.0
2418,-3520.0,0.0,-3360.0
2419,-3440.0,0.0,-3440.0
2420,-3440.0,0.0,-3440.0
2421,-3440.0,0.0,-3440.0
2422,-3520.0,0.0,-3440.0
2423,-3440.0,0.0,-3440.0
2424,-3520.0,0.0,-3440.0
2425,-3520.0,0.0,-3440.0
2426,-3440.0,0.0,-3360.0
2427,-3440.0,0.0,-3440.0
2428,-3440.0,80.0,-3440.0
2429,-3440.0,0.0,-3440.0
2430,-3440.0,0.0,-3440.0
2431,-3440.0,80.0,-3440.0
2432,-3440.0,0.0,-3440.0
2433,-3520.0,0.0,-3360.0
2434,-3440.0,-80.0,-3360.0
2435,-3440.0,0.0,-3360.0
2436,-3440.0,0.0,-3360.0
2437,-3440.0,0.0,-3360.0
2438,-3440.0,0.0,-3360.0
2439,-3440.0,0.0,-3360.0
2440,-3440.0,0.0,-3360.0
2441,-3440.0,80.0,-3360.0
2442,-3440.0,80.0,-3360.0
2443,-3440.0,0.0,-3360.0
2444,-3360.0,0.0,-3360.0
2445,-3360.0,0.0,-3360.0
2446,-3360.0,80.0,-3360.0
2447,-3360.0,0.0,-3360.0
2448,-3360.0,0.0,-3280.0
2449,-3360.0,0.0,-3280.0
2450,-3360.0,0.0,-3360.0
2451,-3360.0,0.0,-3280.0
2452,-3360.0,80.0,-3360.0
2453,-3360.0,0.0,-3360.0
2454,-3360.0,80.0,-3360.0
2455,-3360.0,0.0,-3280.0
2456,-3360.0,0.0,-3360.0
2457,-3360.0,0.0,-3280.0
2458,-3360.0,0.0,-3280.0
2459,-3360.0,0.0,-3280.0
2460,-3360.0,0.0,-3280.0
2461,-3360.0,0.0,-3280.0
2462,-3280.0,0.0,-3280.0
2463,-3360.0,0.0,-3280.0
2464,-3360.0,80.0,-3280.0
2465,-3360.0,0.0,-3280.0
2466,-3280.0,80.0,-3280.0
2467,-3280.0,0.0,-3280.0
2468,-3280.0,0.0,-3280.0
2469,-3280.0,0.0,-3280.0
2470,-3280.0,0.0,-3280.0
2471,-3360.0,0.0,-3280.0
2472,-3280.0,0.0,-3280.0
2473,-3280.0,80.0,-3200.0
2474,-3280.0,0.0,-3280.0
2475,-3280.0,0.0,-3280.0
2476,-3280.0,0.0,-3280.0
2477,-3280.0,80.0,-3280.0
2478,-3280.0,0.0,-3280.0
2479,-3280.0,80.0,-3200.0
2480,-3280.0,0.0,-3200.0
2481,-3280.0,0.0,-3200.0
2482,-3200.0,0.0,-3200.0
2483,-3200.0,0.0,-3200.0
2484,-3200.0,0.0,-3200.0
2485,-3200.0,0.0,-3200.0
2486,-3200.0,0.0,-3200.0
2487,-3280.0,0.0,-3200.0
2488,-3200.0,0.0,-3120.0
2489,-3200.0,0.0,-3200.0
2490,-3200.0,0.0,-3200.0
2491,-3200.0,0.0,-3200.0
2492,-3200.0,0.0,-3200.0
2493,-3200.0,0.0,-3200.0
2494,-3200.0,0.0,-3200.0
2495,-3200.0,0.0,-3120.0
2496,-3200.0,0.0,-3120.0
2497,-3120.0,0.0,-3120.0
2498,-3200.0,0.0,-3200.0
2499,-3200.0,0.0,-3200.0
2500,-3120.0,0.0,-3120.0
2501,-3200.0,0.0,-3120.0
2502,-3200.0,0.0,-3200.0
2503,-3200.0,0.0,-3120.0
2504,-3200.0,0.0,-3040.0
2505,-3120.0,0.0,-3120.0
2506,-3200.0,0.0,-3120.0
2507,-3120.0,0.0,-3120.0
2508,-3120.0,0.0,-3120.0
2509,-3120.0,0.0,-3120.0
2510,-3120.0,0.0,-3120.0
2511,-3120.0,0.0,-3120.0
2512,-3120.0,0.0,-3120.0
2513,-3120.0,0.0,-3040.0
2514,-3120.0,0.0,-3040.0
2515,-3120.0,80.0,-3040.0
2516,-3120.0,0.0,-3120.0
2517,-3120.0,0.0,-3040.0
2518,-3120.0,0.0,-3120.0
2519,-3040.0,0.0,-3040.0
2520,-3120.0,-80.0,-3040.0
2521,-3120.0,80.0,-3040.0
2522,-3120.0,0.0,-3120.0
2523,-3120.0,0.0,-3040.0
2524,-3120.0,0.0,-3120.0
2525,-3040.0,0.0,-3040.0
2526,-3120.0,0.0,-3040.0
2527,-3040.0,0.0,-3040.0
2528,-3040.0,0.0,-3040.0
2529,-3040.0,0.0,-3040.0
2530,-3040.0,0.0,-3040.0
2531,-3120.0,0.0,-3040.0
2532,-3040.0,0.0,-3040.0
2533,-3040.0,0.0,-3040.0
2534,-3040.0,0.0,-3040.0
2535,-3040.0,0.0,-3040.0
2536,-3040.0,0.0,-3040.0
2537,-3040.0,0.0,-2960.0
2538,-3040.0,0.0,-2960.0
2539,-3040.0,0.0,-3040.0
2540,-3040.0,0.0,-3040.0
2541,-3040.0,0.0,-3040.0
2542,-3040.0,0.0,-2960.0
2543,-3040.0,0.0,-2960.0
2544,-3040.0,0.0,-2960.0
2545,-3040.0,0.0,-2960.0
2546,-3040.0,0.0,-2960.0
2547,-2960.0,0.0,-2960.0
2548,-2960.0,0.0,-2960.0
2549,-2960.0,-80.0,-2960.0
2550,-2960.0,0.0,-2960.0
2551,-2960.0,0.0,-2960.0
2552,-2960.0,0.0,-2960.0
2553,-2960.0,0.0,-2880.0
2554,-2960.0,0.0,-2960.0
2555,-2960.0,0.0,-2960.0
2556,-2960.0,0.0,-2960.0
2557,-2960.0,0.0,-2960.0
2558,-2880.0,0.0,-2880.0
2559,-2960.0,0.0,-2960.0
2560,-2880.0,0.0,-2880.0
2561,-2880.0,0.0,-2880.0
2562,-2960.0,-80.0,-2960.0
2563,-2960.0,0.0,-2880.0
2564,-2880.0,0.0,-2960.0
2565,-2960.0,0.0,-2960.0
2566,-2880.0,0.0,-2880.0
2567,-2880.0,0.0,-2880.0
2568,-2880.0,0.0,-2880.0
2569,-2960.0,80.0,-2880.0
2570,-2880.0,0.0,-2880.0
2571,-2880.0,0.0,-2880.0
2572,-2880.0,0.0,-2880.0
2573,-2880.0,0.0,-2800.0
2574,-2880.0,0.0,-2800.0
2575,-2880.0,0.0,-2800.0
2576,-2880.0,80.0,-2880.0
2577,-2880.0,0.0,-2880.0
2578,-2880.0,0.0,-2800.0
2579,-2880.0,0.0,-2800.0
2580,-2880.0,0.0,-2880.0
2581,-2880.0,0.0,-2880.0
2582,-2800.0,0.0,-2800.0
2583,-2880.0,0.0,-2800.0
2584,-2880.0,0.0,-2800.0
2585,-2880.0,0.0,-2800.0
2586,-2880.0,0.0,-2800.0
2587,-2880.0,0.0,-2800.0
2588,-2800.0,80.0,-2880.0
2589,-2800.0,0.0,-2800.0
2590,-2800.0,0.0,-2720.0
2591,-2800.0,0.0,-2720.0
2592,-2800.0,0.0,-2800.0
2593,-2800.0,0.0,-2800.0
2594,-2800.0,0.0,-2800.0
2595,-2800.0,0.0,-2720.0
2596,-2800.0,0.0,-2800.0
2597,-2800.0,0.0,-2720.0
2598,-2800.0,0.0,-2720.0
2599,-2800.0,0.0,-2720.0
2600,-2800.0,0.0,-2800.0
2601,-2800.0,0.0,-2800.0
2602,-2800.0,0.0,-2720.0
2603,-2800.0,0.0,-2720.0
2604,-2800.0,0.0,-2800.0
2605,-2800.0,0.0,-2720.0
2606,-2720.0,0.0,-2720.0
2607,-2800.0,0.0,-2720.0
2608,-2720.0,80.0,-2720.0
2609,-2720.0,0.0,-2720.0
2610,-2720.0,0.0,-2720.0
2611,-2720.0,0.0,-2720.0
2612,-2720.0,0.0,-2720.0
2613,-2720.0,80.0,-2640.0
2614,-2720.0,0.0,-2720.0
2615,-2720.0,0.0,-2720.0
2616,-2720.0,0.0,-2640.0
2617,-2720.0,0.0,-2720.0
2618,-2720.0,0.0,-2720.0
2619,-2720.0,0.0,-2720.0
2620,-2720.0,0.0,-2640.0
2621,-2640.0,0.0,-2640.0
2622,-2720.0,0.0,-2720.0
2623,-2720.0,0.0,-2640.0
2624,-2640.0,0.0,-2640.0
2625,-2720.0,0.0,-2640.0
2626,-2720.0,0.0,-2640.0
2627,-2720.0,0.0,-2640.0
2628,-2720.0,0.0,-2640.0
2629,-2640.0,0.0,-2640.0
2630,-2640.0,0.0,-2640.0
2631,-2640.0,0.0,-2640.0
2632,-2640.0,0.0,-2640.0
2633,-2640.0,0.0,-2640.0
2634,-2640.0,80.0,-2640.0
2635,-2640.0,0.0,-2640.0
2636,-2640.0,0.0,-2640.0
2637,-2640.0,0.0,-2640.0
2638,-2640.0,0.0,-2560.0
2639,-2640.0,0.0,-2640.0
2640,-2640.0,0.0,-2560.0
2641,-2640.0,80.0,-2560.0
2642,-2640.0,0.0,-2640.0
2643,-2640.0,0.0,-2640.0
2644,-2640.0,0.0,-2560.0
2645,-2560.0,0.0,-2560.0
2646,-2640.0,0.0,-2560.0
2647,-2560.0,0.0,-2560.0
2648,-2640.0,0.0,-2560.0
2649,-2560.0,0.0,-2560.0
2650,-2640.0,0.0,-2560.0
2651,-2560.0,0.0,-2560.0
2652,-2560.0,0.0,-2560.0
2653,-2560.0,0.0,-2560.0
2654,-2560.0,0.0,-2560.0
2655,-2560.0,80.0,-2560.0
2656,-2560.0,0.0,-2560.0
2657,-2560.0,0.0,-2560.0
2658,-2560.0,0.0,-2560.0
2659,-2560.0,80.0,-2560.0
2660,-2560.0,0.0,-2560.0
2661,-2560.0,0.0,-2560.0
2662,-2560.0,0.0,-2480.0
2663,-2560.0,80.0,-2560.0
2664,-2560.0,0.0,-2560.0
2665,-2560.0,0.0,-2480.0
2666,-2560.0,0.0,-2480.0
2667,-2560.0,0.0,-2560.0
2668,-2480.0,0.0,-2480.0
2669,-2480.0,0.0,-2480.0
2670,-2480.0,80.0,-2480.0
2671,-2480.0,80.0,-2480.0
2672,-2480.0,0.0,-2480.0
2673,-2480.0,0.0,-2480.0
2674,-2480.0,0.0,-2480.0
2675,-2480.0,0.0,-2480.0
2676,-2480.0,0.0,-2400.0
2677,-2480.0,0.0,-2480.0
2678,-2480.0,0.0,-2480.0
2679,-2400.0,0.0,-2400.0
2680,-2480.0,0.0,-2480.0
2681,-2480.0,0.0,-2400.0
2682,-2480.0,0.0,-2480.0
2683,-2480.0,0.0,-2400.0
2684,-2400.0,0.0,-2400.0
2685,-2400.0,0.0,-2400.0
2686,-2400.0,0.0,-2480.0
2687,-2400.0,0.0,-2400.0
2688,-2400.0,0.0,-2400.0
2689,-2400.0,0.0,-2400.0
2690,-2400.0,0.0,-2400.0
2691,-2400.0,0.0,-2400.0
2692,-2400.0,80.0,-2400.0
2693,-2400.0,0.0,-2400.0
2694,-2400.0,0.0,-2400.0
2695,-2400.0,0.0,-2400.0
2696,-2400.0,0.0,-2400.0
2697,-2400.0,80.0,-2400.0
2698,-2400.0,0.0,-2400.0
2699,-2400.0,80.0,-2400.0
2700,-2400.0,0.0,-2320.0
2701,-2400.0,0.0,-2400.0
2702,-2400.0,0.0,-2400.0
2703,-2400.0,0.0,-2320.0
2704,-2320.0,0.0,-2400.0
2705,-2400.0,0.0,-2400.0
2706,-2320.0,0.0,-2320.0
2707,-2320.0,0.0,-2400.0
2708,-2320.0,0.0,-2320.0
2709,-2320.0,0.0,-2320.0
2710,-2320.0,0.0,-2400.0
2711,-2320.0,80.0,-2320.0
2712,-2320.0,0.0,-2320.0
2713,-2320.0,0.0,-2320.0
2714,-2320.0,0.0,-2320.0
2715,-2320.0,0.0,-2320.0
2716,-2240.0,0.0,-2320.0
2717,-2240.0,0.0,-2320.0
2718,-2320.0,0.0,-2320.0
2719,-2320.0,0.0,-2320.0
2720,-2240.0,0.0,-2320.0
2721,-2240.0,0.0,-2320.0
2722,-2240.0,0.0,-2320.0
2723,-2240.0,80.0,-2240.0
2724,-2240.0,0.0,-2320.0
2725,-2240.0,0.0,-2240.0
2726,-2240.0,0.0,-2320.0
2727,-2240.0,0.0,-2320.0
2728,-2320.0,0.0,-2320.0
2729,-2240.0,0.0,-2320.0
2730,-2240.0,0.0,-2240.0
2731,-2320.0,0.0,-2240.0
2732,-2240.0,0.0,-2240.0
2733,-2240.0,0.0,-2240.0
2734,-2240.0,0.0,-2240.0
2735,-2240.0,0.0,-2240.0
2736,-2240.0,0.0,-2240.0
2737,-2240.0,0.0,-2240.0
2738,-2240.0,0.0,-2240.0
2739,-2240.0,80.0,-2160.0
2740,-2240.0,0.0,-2240.0
2741,-2240.0,0.0,-2160.0
2742,-2240.0,0.0,-2160.0
2743,-2160.0,0.0,-2160.0
2744,-2160.0,80.0,-2240.0
2745,-2160.0,0.0,-2240.0
2746,-2160.0,80.0,-2160.0
2747,-2160.0,0.0,-2160.0
2748,-2160.0,0.0,-2160.0
2749,-2160.0,80.0,-2160.0
2750,-2160.0,0.0,-2160.0
2751,-2160.0,0.0,-2160.0
2752,-2160.0,0.0,-2160.0
2753,-2160.0,0.0,-2160.0
2754,-2160.0,0.0,-2160.0
2755,-2080.0,0.0,-2080.0
2756,-2160.0,0.0,-2160.0
2757,-2080.0,0.0,-2160.0
2758,-2080.0,0.0,-2160.0
2759,-2160.0,0.0,-2160.0
2760,-2080.0,0.0,-2160.0
2761,-2080.0,0.0,-2160.0
2762,-2080.0,0.0,-2080.0
2763,-2080.0,0.0,-2160.0
2764,-2080.0,0.0,-2160.0
2765,-2160.0,0.0,-2080.0
2766,-2080.0,0.0,-2160.0
2767,-2080.0,0.0,-2160.0
2768,-2160.0,0.0,-2080.0
2769,-2080.0,0.0,-2080.0
2770,-2000.0,0.0,-2080.0
2771,-2080.0,0.0,-2080.0
2772,-2080.0,80.0,-2080.0
2773,-2080.0,0.0,-2080.0
2774,-2080.0,0.0,-2080.0
2775,-2080.0,0.0,-2080.0
2776,-2080.0,0.0,-2080.0
2777,-2000.0,0.0,-2000.0
2778,-2080.0,0.0,-2000.0
2779,-2080.0,0.0,-2080.0
2780,-2000.0,0.0,-2080.0
2781,-2000.0,0.0,-2080.0
2782,-2000.0,0.0,-2080.0
2783,-2000.0,80.0,-2000.0
2784,-2000.0,0.0,-2080.0
2785,-1920.0,0.0,-2080.0
2786,-2000.0,0.0,-2000.0
2787,-2000.0,0.0,-2000.0
2788,-2000.0,0.0,-2000.0
2789,-2000.0,0.0,-2000.0
2790,-1920.0,80.0,-2000.0
2791,-2000.0,0.0,-2080.0
2792,-2000.0,80.0,-2000.0
2793,-2000.0,0.0,-2000.0
2794,-2000.0,0.0,-2000.0
2795,-1920.0,0.0,-2000.0
2796,-1920.0,0.0,-2000.0
2797,-1920.0,0.0,-2000.0
2798,-1920.0,0.0,-2000.0
2799,-1920.0,0.0,-2000.0
2800,-1920.0,0.0,-2000.0
2801,-2000.0,0.0,-2000.0
2802,-2000.0,0.0,-2000.0
2803,-1920.0,0.0,-2000.0
2804,-1920.0,0.0,-2000.0
2805,-1920.0,0.0,-2000.0
2806,-1920.0,0.0,-2000.0
2807,-2000.0,0.0,-1920.0
2808,-1920.0,0.0,-1920.0
2809,-1920.0,0.0,-1920.0
2810,-1920.0,0.0,-1920.0
2811,-1920.0,0.0,-1920.0
2812,-1920.0,0.0,-2000.0
2813,-1920.0,0.0,-1920.0
2814,-1920.0,0.0,-1920.0
2815,-1920.0,0.0,-1920.0
2816,-1920.0,0.0,-1920.0
2817,-1920.0,0.0,-1840.0
2818,-1840.0,0.0,-1920.0
2819,-1840.0,0.0,-1920.0
2820,-1840.0,0.0,-1920.0
2821,-1920.0,0.0,-1920.0
2822,-1920.0,0.0,-1920.0
2823,-1920.0,0.0,-1920.0
2824,-1840.0,0.0,-1840.0
2825,-1840.0,0.0,-1840.0
2826,-1840.0,0.0,-1840.0
2827,-1840.0,0.0,-1840.0
2828,-1840.0,0.0,-1920.0
2829,-1840.0,0.0,-1840.0
2830,-1840.0,0.0,-1840.0
2831,-1840.0,0.0,-1840.0
2832,-1840.0,0.0,-1840.0
2833,-1840.0,0.0,-1840.0
2834,-1840.0,0.0,-1840.0
2835,-1760.0,80.0,-1760.0
2836,-1840.0,80.0,-1840.0
2837,-1840.0,0.0,-1840.0
2838,-1760.0,0.0,-1840.0
2839,-1840.0,0.0,-1840.0
2840,-1760.0,0.0,-1840.0
2841,-1760.0,0.0,-1840.0
2842,-1760.0,0.0,-1760.0
2843,-1760.0,0.0,-1840.0
2844,-1760.0,0.0,-1840.0
2845,-1760.0,0.0,-1760.0
2846,-1760.0,0.0,-1840.0
2847,-1760.0,0.0,-1840.0
2848,-1760.0,0.0,-1760.0
2849,-1760.0,0.0,-1840.0
2850,-1680.0,0.0,-1760.0
2851,-1760.0,0.0,-1760.0
2852,-1760.0,0.0,-1760.0
2853,-1760.0,0.0,-1760.0
2854,-1760.0,0.0,-1760.0
2855,-1680.0,0.0,-1760.0
2856,-1760.0,0.0,-1760.0
2857,-1680.0,0.0,-1680.0
2858,-1680.0,0.0,-1680.0
2859,-1680.0,0.0,-1760.0
2860,-1680.0,0.0,-1760.0
2861,-1680.0,0.0,-1760.0
2862,-1680.0,0.0,-1760.0
2863,-1680.0,0.0,-1760.0
2864,-1680.0,0.0,-1760.0
2865,-1680.0,0.0,-1680.0
2866,-1680.0,0.0,-1680.0
2867,-1680.0,0.0,-1680.0
2868,-1680.0,0.0,-1680.0
2869,-1680.0,0.0,-1760.0
2870,-1680.0,0.0,-1680.0
2871,-1600.0,80.0,-1680.0
2872,-1680.0,0.0,-1680.0
2873,-1600.0,0.0,-1680.0
2874,-1680.0,0.0,-1680.0
2875,-1680.0,0.0,-1680.0
2876,-1680.0,0.0,-1680.0
2877,-1680.0,80.0,-1680.0
2878,-1600.0,0.0,-1680.0
2879,-1600.0,0.0,-1600.0
2880,-1600.0,0.0,-1600.0
2881,-1680.0,0.0,-1680.0
2882,-1600.0,0.0,-1600.0
2883,-1600.0,0.0,-1680.0
2884,-1600.0,0.0,-1600.0
2885,-1600.0,0.0,-1680.0
2886,-1600.0,0.0,-1600.0
2887,-1600.0,0.0,-1600.0
2888,-1600.0,0.0,-1600.0
2889,-1600.0,0.0,-1600.0
2890,-1520.0,80.0,-1600.0
2891,-1600.0,0.0,-1680.0
2892,-1600.0,0.0,-1600.0
2893,-1600.0,0.0,-1680.0
2894,-1600.0,0.0,-1600.0
2895,-1520.0,0.0,-1600.0
2896,-1520.0,0.0,-1600.0
2897,-1520.0,0.0,-1600.0
2898,-1600.0,0.0,-1600.0
2899,-1520.0,0.0,-1600.0
2900,-1520.0,0.0,-1600.0
2901,-1520.0,0.0,-1600.0
2902,-1520.0,0.0,-1600.0
2903,-1520.0,0.0,-1600.0
2904,-1520.0,0.0,-1520.0
2905,-1520.0,0.0,-1520.0
2906,-1520.0,0.0,-1520.0
2907,-1520.0,0.0,-1600.0
2908,-1520.0,80.0,-1600.0
2909,-1520.0,0.0,-1520.0
2910,-1520.0,0.0,-1520.0
2911,-1520.0,0.0,-1520.0
2912,-1520.0,0.0,-1520.0
2913,-1520.0,0.0,-1520.0
2914,-1440.0,0.0,-1520.0
2915,-1440.0,0.0,-1520.0
2916,-1520.0,0.0,-1520.0
2917,-1520.0,0.0,-1520.0
2918,-1440.0,0.0,-1520.0
2919,-1440.0,0.0,-1520.0
2920,-1440.0,0.0,-1440.0
2921,-1440.0,0.0,-1520.0
2922,-1440.0,0.0,-1520.0
2923,-1440.0,0.0,-1520.0
2924,-1440.0,0.0,-1520.0
2925,-1440.0,0.0,-1440.0
2926,-1440.0,0.0,-1440.0
2927,-1440.0,0.0,-1440.0
2928,-1440.0,80.0,-1520.0
2929,-1440.0,0.0,-1440.0
2930,-1440.0,0.0,-1440.0
2931,-1360.0,0.0,-1520.0
2932,-1440.0,80.0,-1440.0
2933,-1440.0,0.0,-1440.0
2934,-1440.0,0.0,-1440.0
2935,-1440.0,0.0,-1440.0
2936,-1440.0,0.0,-1440.0
2937,-1440.0,0.0,-1440.0
2938,-1360.0,0.0,-1440.0
2939,-1360.0,0.0,-1440.0
2940,-1360.0,0.0,-1440.0
2941,-1360.0,0.0,-1360.0
2942,-1360.0,0.0,-1440.0
2943,-1360.0,0.0,-1360.0
2944,-1360.0,0.0,-1440.0
2945,-1360.0,0.0,-1440.0
2946,-1360.0,0.0,-1440.0
2947,-1360.0,0.0,-1440.0
2948,-1360.0,0.0,-1360.0
2949,-1360.0,0.0,-1360.0
2950,-1360.0,0.0,-1360.0
2951,-1280.0,0.0,-1440.0
2952,-1360.0,0.0,-1360.0
2953,-1280.0,0.0,-1360.0
2954,-1360.0,0.0,-1360.0
2955,-1360.0,0.0,-1360.0
2956,-1360.0,0.0,-1360.0
2957,-1360.0,0.0,-1280.0
2958,-1280.0,0.0,-1280.0
2959,-1360.0,0.0,-1360.0
2960,-1280.0,0.0,-1360.0
2961,-1360.0,0.0,-1280.0
2962,-1360.0,0.0,-1360.0
2963,-1280.0,80.0,-1360.0
2964,-1360.0,0.0,-1280.0
2965,-1280.0,0.0,-1280.0
2966,-1280.0,0.0,-1280.0
2967,-1280.0,0.0,-1280.0
2968,-1280.0,0.0,-1280.0
2969,-1280.0,80.0,-1280.0
2970,-1280.0,0.0,-1280.0
2971,-1280.0,0.0,-1280.0
2972,-1280.0,0.0,-1280.0
2973,-1280.0,0.0,-1280.0
2974,-1280.0,0.0,-1280.0
2975,-1200.0,0.0,-1280.0
2976,-1200.0,0.0,-1280.0
2977,-1280.0,0.0,-1280.0
2978,-1280.0,0.0,-1280.0
2979,-1280.0,0.0,-1280.0
2980,-1200.0,0.0,-1200.0
2981,-1200.0,80.0,-1200.0
2982,-1200.0,0.0,-1200.0
2983,-1200.0,0.0,-1200.0
2984,-1200.0,0.0,-1200.0
2985,-1200.0,0.0,-1200.0
2986,-1200.0,0.0,-1280.0
2987,-1200.0,80.0,-1280.0
2988,-1200.0,0.0,-1200.0
2989,-1200.0,0.0,-1200.0
2990,-1200.0,0.0,-1200.0
2991,-1200.0,0.0,-1200.0
2992,-1200.0,0.0,-1200.0
2993,-1200.0,0.0,-1200.0
2994,-1200.0,0.0,-1200.0
2995,-1200.0,0.0,-1200.0
2996,-1200.0,0.0,-1200.0
2997,-1200.0,0.0,-1200.0
2998,-1200.0,0.0,-1200.0
2999,-1200.0,0.0,-1200.0
