TimeUs,Ugen,Ur1,Uc1
4,-80.0,0.0,-80.0
8,-80.0,0.0,0.0
12,0.0,0.0,0.0
16,-80.0,0.0,0.0
20,-80.0,0.0,0.0
24,0.0,0.0,0.0
28,-80.0,0.0,0.0
32,0.0,0.0,0.0
36,0.0,80.0,0.0
40,0.0,0.0,0.0
44,-80.0,0.0,-80.0
48,-80.0,0.0,0.0
52,0.0,0.0,0.0
56,0.0,0.0,0.0
60,0.0,0.0,0.0
64,-80.0,0.0,0.0
68,-80.0,0.0,0.0
72,-80.0,0.0,0.0
76,-80.0,0.0,0.0
80,0.0,0.0,80.0
84,-80.0,0.0,0.0
88,-80.0,0.0,0.0
92,0.0,0.0,0.0
96,0.0,0.0,0.0
100,0.0,0.0,0.0
104,-80.0,0.0,0.0
108,0.0,0.0,0.0
112,0.0,0.0,0.0
116,-80.0,80.0,0.0
120,-80.0,0.0,-80.0
124,0.0,0.0,0.0
128,0.0,0.0,0.0
132,-80.0,0.0,0.0
136,-80.0,0.0,0.0
140,-80.0,0.0,0.0
144,-80.0,0.0,0.0
148,-80.0,0.0,0.0
152,-80.0,0.0,0.0
156,-80.0,0.0,0.0
160,-80.0,0.0,0.0
164,-80.0,0.0,0.0
168,0.0,0.0,0.0
172,0.0,0.0,0.0
176,-80.0,0.0,0.0
180,-80.0,0.0,0.0
184,0.0,0.0,0.0
188,0.0,0.0,0.0
192,-80.0,0.0,0.0
196,-80.0,0.0,0.0
200,-80.0,0.0,0.0
204,0.0,0.0,0.0
208,0.0,0.0,0.0
212,0.0,0.0,0.0
216,-80.0,-80.0,0.0
220,0.0,0.0,0.0
224,-80.0,0.0,0.0
228,-80.0,0.0,0.0
232,-80.0,0.0,0.0
236,-80.0,0.0,0.0
240,-80.0,0.0,0.0
244,0.0,0.0,0.0
248,-80.0,0.0,0.0
252,0.0,80.0,0.0
256,0.0,0.0,0.0
260,-80.0,0.0,0.0
264,-80.0,0.0,0.0
268,-80.0,0.0,0.0
272,0.0,0.0,0.0
276,0.0,0.0,0.0
280,-80.0,0.0,0.0
284,0.0,0.0,0.0
288,0.0,0.0,0.0
292,0.0,80.0,0.0
296,-80.0,0.0,0.0
300,0.0,0.0,0.0
304,-80.0,0.0,0.0
308,0.0,0.0,-80.0
312,0.0,0.0,0.0
316,0.0,0.0,-80.0
320,-80.0,0.0,0.0
324,0.0,0.0,0.0
328,0.0,0.0,-80.0
332,0.0,0.0,0.0
336,0.0,80.0,0.0
340,0.0,0.0,0.0
344,0.0,0.0,0.0
348,0.0,0.0,0.0
352,0.0,0.0,0.0
356,0.0,0.0,0.0
360,-80.0,0.0,0.0
364,-80.0,0.0,0.0
368,0.0,0.0,0.0
372,0.0,0.0,0.0
376,-80.0,0.0,0.0
380,-80.0,0.0,80.0
384,0.0,0.0,0.0
388,-80.0,0.0,0.0
392,0.0,0.0,0.0
396,-80.0,0.0,0.0
400,-80.0,0.0,0.0
404,-80.0,0.0,0.0
408,-80.0,0.0,0.0
412,-80.0,0.0,0.0
416,-80.0,0.0,0.0
420,-80.0,0.0,-80.0
424,0.0,0.0,0.0
428,0.0,80.0,0.0
432,-80.0,80.0,80.0
436,-80.0,0.0,0.0
440,0.0,80.0,0.0
444,-80.0,0.0,0.0
448,0.0,0.0,0.0
452,-80.0,0.0,0.0
456,-80.0,0.0,0.0
460,0.0,0.0,0.0
464,0.0,0.0,0.0
468,-80.0,0.0,0.0
472,-80.0,0.0,0.0
476,0.0,0.0,-80.0
480,-80.0,0.0,0.0
484,-80.0,0.0,0.0
488,0.0,0.0,0.0
492,-80.0,80.0,0.0
496,-80.0,0.0,0.0
500,0.0,0.0,0.0
504,0.0,0.0,0.0
508,0.0,0.0,80.0
512,-80.0,0.0,0.0
516,0.0,0.0,0.0
520,-80.0,0.0,0.0
524,0.0,0.0,0.0
528,0.0,0.0,0.0
532,-80.0,0.0,0.0
536,0.0,0.0,0.0
540,0.0,80.0,0.0
544,0.0,0.0,0.0
548,-80.0,0.0,0.0
552,0.0,0.0,0.0
556,-80.0,0.0,0.0
560,-80.0,0.0,-80.0
564,-80.0,0.0,0.0
568,-80.0,0.0,0.0
572,-80.0,0.0,0.0
576,-80.0,0.0,0.0
580,0.0,0.0,0.0
584,0.0,80.0,0.0
588,-80.0,0.0,-80.0
592,-80.0,0.0,0.0
596,0.0,0.0,0.0
600,-80.0,0.0,0.0
604,-80.0,0.0,0.0
608,0.0,80.0,0.0
612,-80.0,0.0,0.0
616,0.0,80.0,0.0
620,0.0,0.0,0.0
624,0.0,0.0,0.0
628,0.0,0.0,0.0
632,0.0,0.0,0.0
636,-80.0,0.0,0.0
640,0.0,0.0,-80.0
644,0.0,0.0,0.0
648,-80.0,0.0,0.0
652,0.0,0.0,0.0
656,0.0,0.0,-80.0
660,0.0,0.0,0.0
664,-80.0,0.0,-80.0
668,0.0,0.0,0.0
672,-80.0,0.0,0.0
676,0.0,0.0,0.0
680,0.0,0.0,0.0
684,0.0,0.0,0.0
688,0.0,0.0,0.0
692,-80.0,0.0,0.0
696,-80.0,80.0,0.0
700,0.0,0.0,0.0
704,0.0,0.0,0.0
708,-80.0,0.0,0.0
712,0.0,80.0,0.0
716,-80.0,0.0,0.0
720,-80.0,0.0,0.0
724,0.0,0.0,0.0
728,-80.0,80.0,-80.0
732,0.0,0.0,0.0
736,-80.0,0.0,0.0
740,-80.0,80.0,0.0
744,-80.0,0.0,0.0
748,-80.0,0.0,0.0
752,-80.0,0.0,0.0
756,0.0,0.0,0.0
760,-80.0,0.0,0.0
764,-80.0,80.0,0.0
768,0.0,0.0,0.0
772,0.0,0.0,0.0
776,-80.0,0.0,0.0
780,0.0,0.0,0.0
784,0.0,0.0,0.0
788,-80.0,0.0,0.0
792,0.0,0.0,0.0
796,0.0,0.0,0.0
800,-80.0,0.0,0.0
804,-80.0,0.0,0.0
808,-80.0,80.0,0.0
812,0.0,80.0,0.0
816,-80.0,0.0,-80.0
820,-80.0,0.0,0.0
824,0.0,0.0,0.0
828,-80.0,0.0,0.0
832,-80.0,80.0,0.0
836,0.0,0.0,0.0
840,0.0,0.0,0.0
844,-80.0,0.0,0.0
848,0.0,0.0,0.0
852,0.0,0.0,0.0
856,0.0,0.0,0.0
860,-80.0,0.0,0.0
864,0.0,0.0,0.0
868,-80.0,0.0,0.0
872,-80.0,0.0,0.0
876,-80.0,0.0,0.0
880,-80.0,0.0,-80.0
884,0.0,0.0,0.0
888,0.0,0.0,0.0
892,0.0,0.0,0.0
896,-80.0,0.0,-80.0
900,-80.0,0.0,0.0
904,0.0,0.0,0.0
908,0.0,0.0,80.0
912,-80.0,0.0,0.0
916,0.0,0.0,0.0
920,-80.0,0.0,0.0
924,0.0,80.0,0.0
928,0.0,0.0,0.0
932,0.0,0.0,-80.0
936,0.0,0.0,0.0
940,-80.0,0.0,0.0
944,-80.0,0.0,-80.0
948,-80.0,0.0,0.0
952,-80.0,0.0,-80.0
956,0.0,0.0,0.0
960,-80.0,0.0,0.0
964,0.0,0.0,0.0
968,0.0,0.0,0.0
972,0.0,0.0,0.0
976,-80.0,0.0,0.0
980,-80.0,0.0,0.0
984,0.0,0.0,0.0
988,0.0,0.0,0.0
992,0.0,0.0,0.0
996,0.0,0.0,80.0
1000,0.0,0.0,0.0
1004,-80.0,0.0,0.0
1008,-80.0,0.0,0.0
1012,-80.0,0.0,0.0
1016,-80.0,0.0,0.0
1020,0.0,0.0,0.0
1024,0.0,80.0,0.0
1028,-80.0,80.0,0.0
1032,0.0,0.0,0.0
1036,-80.0,0.0,0.0
1040,0.0,0.0,0.0
1044,-80.0,0.0,0.0
1048,0.0,0.0,0.0
1052,-80.0,0.0,0.0
1056,-80.0,0.0,0.0
1060,-80.0,0.0,0.0
1064,-80.0,0.0,0.0
1068,-80.0,0.0,0.0
1072,-80.0,0.0,0.0
1076,0.0,80.0,0.0
1080,-80.0,0.0,0.0
1084,-80.0,0.0,0.0
1088,-80.0,0.0,0.0
1092,-80.0,0.0,0.0
1096,-80.0,0.0,0.0
1100,0.0,0.0,-80.0
1104,-80.0,0.0,0.0
1108,-80.0,0.0,0.0
1112,-80.0,0.0,0.0
1116,0.0,0.0,0.0
1120,-80.0,0.0,0.0
1124,0.0,0.0,0.0
1128,-80.0,0.0,0.0
1132,-80.0,0.0,0.0
1136,0.0,0.0,0.0
1140,0.0,0.0,0.0
1144,-80.0,0.0,0.0
1148,0.0,0.0,0.0
1152,0.0,0.0,80.0
1156,-80.0,0.0,0.0
1160,0.0,0.0,0.0
1164,0.0,0.0,0.0
1168,-80.0,0.0,0.0
1172,-80.0,0.0,0.0
1176,0.0,0.0,-80.0
1180,-80.0,0.0,0.0
1184,-80.0,0.0,0.0
1188,-80.0,0.0,0.0
1192,-80.0,0.0,0.0
1196,0.0,0.0,0.0
1200,-2000.0,80.0,0.0
1204,-2000.0,-1840.0,0.0
1208,-2000.0,-1840.0,0.0
1212,-2000.0,-1840.0,0.0
1216,-2000.0,-1920.0,0.0
1220,-2000.0,-1840.0,0.0
1224,-2000.0,-1840.0,-80.0
1228,-2000.0,-1840.0,-80.0
1232,-2000.0,-1840.0,-80.0
1236,-2000.0,-1760.0,-80.0
1240,-2000.0,-1760.0,-80.0
1244,-2000.0,-1760.0,-80.0
1248,-2000.0,-1760.0,-160.0
1252,-2080.0,-1760.0,-160.0
1256,-2000.0,-1760.0,-80.0
1260,-2000.0,-1760.0,-160.0
1264,-2000.0,-1760.0,-160.0
1268,-2000.0,-1760.0,-160.0
1272,-2080.0,-1680.0,-160.0
1276,-2000.0,-1680.0,-240.0
1280,-2000.0,-1760.0,-160.0
1284,-2000.0,-1680.0,-240.0
1288,-2000.0,-1680.0,-160.0
1292,-2000.0,-1680.0,-240.0
1296,-2000.0,-1680.0,-160.0
1300,-2000.0,-1680.0,-240.0
1304,-2000.0,-1680.0,-160.0
1308,-2000.0,-1680.0,-320.0
1312,-2000.0,-1680.0,-320.0
1316,-2080.0,-1680.0,-240.0
1320,-2000.0,-1680.0,-240.0
1324,-2080.0,-1600.0,-320.0
1328,-2000.0,-1600.0,-320.0
1332,-2000.0,-1600.0,-320.0
1336,-2000.0,-1600.0,-320.0
1340,-2000.0,-1600.0,-320.0
1344,-2000.0,-1600.0,-320.0
1348,-2000.0,-1520.0,-320.0
1352,-2000.0,-1600.0,-320.0
1356,-2000.0,-1600.0,-320.0
1360,-2000.0,-1600.0,-320.0
1364,-2000.0,-1520.0,-320.0
1368,-2000.0,-1600.0,-320.0
1372,-2000.0,-1520.0,-320.0
1376,-2000.0,-1600.0,-400.0
1380,-2000.0,-1520.0,-400.0
1384,-2000.0,-1520.0,-320.0
1388,-2000.0,-1520.0,-400.0
1392,-2000.0,-1520.0,-400.0
1396,-2000.0,-1520.0,-400.0
1400,-1920.0,-1520.0,-400.0
1404,-2000.0,-1520.0,-400.0
1408,-2000.0,-1520.0,-400.0
1412,-2000.0,-1520.0,-400.0
1416,-2000.0,-1440.0,-400.0
1420,-2000.0,-1440.0,-400.0
1424,-2080.0,-1440.0,-480.0
1428,-2000.0,-1440.0,-480.0
1432,-2000.0,-1440.0,-480.0
1436,-2000.0,-1440.0,-400.0
1440,-2000.0,-1440.0,-480.0
1444,-2000.0,-1440.0,-480.0
1448,-2000.0,-1440.0,-480.0
1452,-2000.0,-1440.0,-480.0
1456,-2000.0,-1440.0,-480.0
1460,-2000.0,-1440.0,-480.0
1464,-2080.0,-1440.0,-480.0
1468,-2000.0,-1360.0,-480.0
1472,-2000.0,-1440.0,-480.0
1476,-2000.0,-1360.0,-480.0
1480,-2000.0,-1440.0,-560.0
1484,-2000.0,-1360.0,-480.0
1488,-2000.0,-1360.0,-480.0
1492,-2000.0,-1360.0,-560.0
1496,-2000.0,-1360.0,-560.0
1500,-2000.0,-1360.0,-560.0
1504,-2080.0,-1360.0,-560.0
1508,-2080.0,-1360.0,-560.0
1512,-2080.0,-1360.0,-560.0
1516,-2000.0,-1360.0,-480.0
1520,-2080.0,-1360.0,-560.0
1524,-2080.0,-1360.0,-560.0
1528,-2080.0,-1360.0,-480.0
1532,-2080.0,-1360.0,-640.0
1536,-2080.0,-1280.0,-560.0
1540,-2080.0,-1280.0,-640.0
1544,-2000.0,-1360.0,-640.0
1548,-2080.0,-1360.0,-640.0
1552,-2000.0,-1280.0,-640.0
1556,-2080.0,-1280.0,-640.0
1560,-2080.0,-1280.0,-640.0
1564,-2000.0,-1280.0,-640.0
1568,-2000.0,-1280.0,-640.0
1572,-2080.0,-1280.0,-640.0
1576,-2000.0,-1280.0,-640.0
1580,-2080.0,-1280.0,-720.0
1584,-2000.0,-1200.0,-640.0
1588,-2000.0,-1280.0,-640.0
1592,-2080.0,-1200.0,-640.0
1596,-2000.0,-1280.0,-640.0
1600,-2080.0,-1200.0,-720.0
1604,-2080.0,-1200.0,-640.0
1608,-2080.0,-1200.0,-720.0
1612,-2080.0,-1200.0,-720.0
1616,-2080.0,-1200.0,-720.0
1620,-2080.0,-1200.0,-720.0
1624,-2080.0,-1200.0,-720.0
1628,-2000.0,-1200.0,-720.0
1632,-2080.0,-1200.0,-720.0
1636,-2080.0,-1200.0,-720.0
1640,-2080.0,-1200.0,-720.0
1644,-2000.0,-1200.0,-720.0
1648,-2080.0,-1200.0,-800.0
1652,-2080.0,-1120.0,-720.0
1656,-2080.0,-1120.0,-720.0
1660,-2000.0,-1200.0,-720.0
1664,-2080.0,-1200.0,-720.0
1668,-2080.0,-1120.0,-720.0
1672,-2080.0,-1200.0,-1280.0
1676,-2080.0,-1120.0,-800.0
1680,-2000.0,-1120.0,-800.0
1684,-2080.0,-1120.0,-800.0
1688,-2000.0,-1120.0,-800.0
1692,-2080.0,-1120.0,-800.0
1696,-2080.0,-1120.0,-800.0
1700,-2080.0,-1120.0,-880.0
1704,-2080.0,-1120.0,-800.0
1708,-2080.0,-1120.0,-800.0
1712,-2080.0,-1120.0,-800.0
1716,-2080.0,-1120.0,-800.0
1720,-2080.0,-1040.0,-800.0
1724,-2080.0,-1120.0,-800.0
1728,-2080.0,-1040.0,-800.0
1732,-2080.0,-1040.0,-800.0
1736,-2000.0,-1120.0,-800.0
1740,-2080.0,-1120.0,-800.0
1744,-2080.0,-1040.0,-800.0
1748,-2080.0,-1040.0,-800.0
1752,-2080.0,-1120.0,-880.0
1756,-2000.0,-1120.0,-880.0
1760,-2080.0,-1120.0,-880.0
1764,-2000.0,-1040.0,-880.0
1768,-2080.0,-1040.0,-880.0
1772,-2080.0,-1040.0,-880.0
1776,-2080.0,-1040.0,-880.0
1780,-2000.0,-1040.0,-880.0
1784,-2080.0,-1040.0,-880.0
1788,-2080.0,-1120.0,-880.0
1792,-2080.0,-960.0,-880.0
1796,-2080.0,-1040.0,-880.0
1800,-2000.0,-1040.0,-880.0
1804,-2000.0,-1040.0,-880.0
1808,-2080.0,-960.0,-880.0
1812,-2080.0,-960.0,-960.0
1816,-2080.0,-1040.0,-880.0
1820,-2080.0,-960.0,-960.0
1824,-2000.0,-1040.0,-880.0
1828,-2080.0,-960.0,-960.0
1832,-2080.0,-960.0,-880.0
1836,-2080.0,-960.0,-960.0
1840,-2000.0,-960.0,-960.0
1844,-2000.0,-960.0,-960.0
1848,-2080.0,-960.0,-960.0
1852,-2080.0,-960.0,-960.0
1856,-2080.0,-960.0,-960.0
1860,-2080.0,-880.0,-960.0
1864,-2000.0,-960.0,-960.0
1868,-2080.0,-960.0,-960.0
1872,-2080.0,-960.0,-960.0
1876,-2080.0,-960.0,-1040.0
1880,-2000.0,-960.0,-960.0
1884,-2080.0,-960.0,-960.0
1888,-2000.0,-960.0,-1520.0
1892,-2080.0,-880.0,-1040.0
1896,-2080.0,-960.0,-960.0
1900,-2080.0,-960.0,-960.0
1904,-2080.0,-960.0,-1040.0
1908,-2080.0,-880.0,-960.0
1912,-2080.0,-880.0,-1040.0
1916,-2080.0,-880.0,-1040.0
1920,-2000.0,-880.0,-1040.0
1924,-2080.0,-880.0,-1040.0
1928,-2080.0,-880.0,-960.0
1932,-2080.0,-880.0,-1040.0
1936,-2080.0,-880.0,-1040.0
1940,-2080.0,-880.0,-1040.0
1944,-2080.0,-880.0,-1040.0
1948,-2080.0,-880.0,-1040.0
1952,-2080.0,-880.0,-1040.0
1956,-2080.0,-880.0,-1040.0
1960,-2080.0,-880.0,-1120.0
1964,-2000.0,-880.0,-1040.0
1968,-2080.0,-880.0,-1040.0
1972,-2080.0,-800.0,-1040.0
1976,-2080.0,-880.0,-1120.0
1980,-2080.0,-800.0,-1040.0
1984,-2080.0,-800.0,-1040.0
1988,-2080.0,-880.0,-1040.0
1992,-2080.0,-800.0,-1040.0
1996,-2080.0,-800.0,-1040.0
2000,-2080.0,-800.0,-1120.0
2004,-2080.0,-800.0,-1120.0
2008,-2000.0,-800.0,-1200.0
2012,-2080.0,-800.0,-1120.0
2016,-2080.0,-800.0,-1040.0
2020,-2080.0,-800.0,-1120.0
2024,-2080.0,-880.0,-1120.0
2028,-2080.0,-800.0,-1120.0
2032,-2080.0,-800.0,-1200.0
2036,-2080.0,-800.0,-1120.0
2040,-2080.0,-800.0,-1200.0
2044,-2080.0,-800.0,-1120.0
2048,-2080.0,-800.0,-1120.0
2052,-2080.0,-800.0,-1200.0
2056,-2080.0,-800.0,-1200.0
2060,-2080.0,-720.0,-1120.0
2064,-2080.0,-800.0,-1200.0
2068,-2080.0,-800.0,-1120.0
2072,-2080.0,-800.0,-1200.0
2076,-2080.0,-800.0,-1200.0
2080,-2080.0,-720.0,-1200.0
2084,-2080.0,-720.0,-1200.0
2088,-2080.0,-720.0,-1200.0
2092,-2080.0,-800.0,-1120.0
2096,-2080.0,-800.0,-1120.0
2100,-2080.0,-720.0,-1200.0
2104,-2080.0,-800.0,-1200.0
2108,-2080.0,-720.0,-1200.0
2112,-2080.0,-800.0,-1200.0
2116,-2080.0,-720.0,-1200.0
2120,-2080.0,-720.0,-1200.0
2124,-2080.0,-720.0,-1200.0
2128,-2080.0,-720.0,-1200.0
2132,-2080.0,-720.0,-1200.0
2136,-2080.0,-720.0,-1200.0
2140,-2080.0,-720.0,-1200.0
2144,-2080.0,-720.0,-1120.0
2148,-2080.0,-720.0,-1200.0
2152,-2080.0,-720.0,-1200.0
2156,-2080.0,-720.0,-1280.0
2160,-2080.0,-800.0,-1280.0
2164,-2080.0,-720.0,-1280.0
2168,-2080.0,-720.0,-1280.0
2172,-2080.0,-720.0,-1280.0
2176,-2080.0,-720.0,-1200.0
2180,-2080.0,-720.0,-1280.0
2184,-2080.0,-720.0,-1280.0
2188,-2080.0,-720.0,-1280.0
2192,-2000.0,-640.0,-1280.0
2196,-2080.0,-640.0,-1280.0
2200,-2080.0,-720.0,-1280.0
2204,-2080.0,-720.0,-1280.0
2208,-2080.0,-720.0,-1280.0
2212,-2080.0,-720.0,-1280.0
2216,-2080.0,-720.0,-1280.0
2220,-2080.0,-720.0,-1280.0
2224,-2080.0,-720.0,-1280.0
2228,-2080.0,-640.0,-1280.0
2232,-2080.0,-720.0,-1280.0
2236,-2080.0,-640.0,-1280.0
2240,-2080.0,-720.0,-1280.0
2244,-2080.0,-640.0,-1280.0
2248,-2080.0,-640.0,-1280.0
2252,-2080.0,-640.0,-1280.0
2256,-2080.0,-640.0,-1280.0
2260,-2080.0,-640.0,-1280.0
2264,-2080.0,-640.0,-1280.0
2268,-2080.0,-640.0,-1280.0
2272,-2080.0,-640.0,-1280.0
2276,-2080.0,-640.0,-1280.0
2280,-2080.0,-640.0,-1360.0
2284,-2080.0,-640.0,-1360.0
2288,-2080.0,-640.0,-1280.0
2292,-2080.0,-640.0,-1360.0
2296,-2080.0,-640.0,-1280.0
2300,-2080.0,-640.0,-1360.0
2304,-2080.0,-640.0,-1360.0
2308,-2080.0,-640.0,-1280.0
2312,-2080.0,-640.0,-1360.0
2316,-2080.0,-640.0,-1360.0
2320,-2080.0,-560.0,-1360.0
2324,-2080.0,-640.0,-1360.0
2328,-2080.0,-640.0,-1360.0
2332,-2080.0,-640.0,-1360.0
2336,-2160.0,-640.0,-1360.0
2340,-2080.0,-640.0,-1360.0
2344,-2080.0,-640.0,-1360.0
2348,-2080.0,-560.0,-1280.0
2352,-2080.0,-560.0,-1360.0
2356,-2080.0,-640.0,-1360.0
2360,-2080.0,-640.0,-1360.0
2364,-2160.0,-560.0,-1360.0
2368,-2080.0,-640.0,-1360.0
2372,-2080.0,-560.0,-1360.0
2376,-2080.0,-560.0,-1360.0
2380,-2080.0,-560.0,-1600.0
2384,-2080.0,-560.0,-1360.0
2388,-2080.0,-640.0,-1440.0
2392,-2160.0,-560.0,-1360.0
2396,-2080.0,-560.0,-1440.0
2400,-2080.0,-560.0,-1360.0
2404,-2080.0,-560.0,-1360.0
2408,-2080.0,-560.0,-1440.0
2412,-2080.0,-640.0,-1360.0
2416,-2080.0,-560.0,-1360.0
2420,-2080.0,-560.0,-1440.0
2424,-2080.0,-560.0,-1440.0
2428,-2080.0,-560.0,-1440.0
2432,-2080.0,-560.0,-1440.0
2436,-2080.0,-560.0,-1440.0
2440,-2080.0,-560.0,-1440.0
2444,-2080.0,-560.0,-1440.0
2448,-2080.0,-560.0,-1440.0
2452,-2080.0,-560.0,-1440.0
2456,-2160.0,-560.0,-1440.0
2460,-2080.0,-560.0,-1440.0
2464,-2080.0,-560.0,-1440.0
2468,-2080.0,-560.0,-1440.0
2472,-2080.0,-560.0,-1440.0
2476,-2080.0,-560.0,-1440.0
2480,-2080.0,-560.0,-1440.0
2484,-2080.0,-560.0,-1440.0
2488,-2080.0,-560.0,-1440.0
2492,-2080.0,-560.0,-1440.0
2496,-2080.0,-560.0,-1440.0
2500,-2080.0,-560.0,-1440.0
2504,-2080.0,-560.0,-1440.0
2508,-2080.0,-560.0,-1440.0
2512,-2080.0,-480.0,-1520.0
2516,-2080.0,-480.0,-1440.0
2520,-2080.0,-480.0,-1520.0
2524,-2080.0,-560.0,-1440.0
2528,-2080.0,-560.0,-1440.0
2532,-2080.0,-480.0,-1520.0
2536,-2080.0,-480.0,-1440.0
2540,-2080.0,-560.0,-1440.0
2544,-2080.0,-480.0,-1440.0
2548,-2080.0,-480.0,-1440.0
2552,-2080.0,-480.0,-1440.0
2556,-2080.0,-480.0,-1520.0
2560,-2080.0,-560.0,-1520.0
2564,-2080.0,-480.0,-1520.0
2568,-2080.0,-480.0,-1440.0
2572,-2080.0,-480.0,-1520.0
2576,-2080.0,-480.0,-1520.0
2580,-2080.0,-480.0,-1520.0
2584,-2080.0,-480.0,-1520.0
2588,-2080.0,-480.0,-1520.0
2592,-2000.0,-480.0,-1440.0
2596,-2080.0,-480.0,-1520.0
2600,-2080.0,-480.0,-1520.0
2604,-2080.0,-480.0,-1440.0
2608,-2080.0,-480.0,-1520.0
2612,-2080.0,-480.0,-1520.0
2616,-2080.0,-480.0,-1520.0
2620,-2080.0,-480.0,-1520.0
2624,-2080.0,-480.0,-1520.0
2628,-2080.0,-480.0,-1520.0
2632,-2080.0,-480.0,-1520.0
2636,-2080.0,-480.0,-1520.0
2640,-2080.0,-480.0,-1520.0
2644,-2080.0,-480.0,-1520.0
2648,-2080.0,-480.0,-1520.0
2652,-2080.0,-480.0,-1520.0
2656,-2080.0,-480.0,-1520.0
2660,-2080.0,-480.0,-1520.0
2664,-2080.0,-480.0,-1520.0
2668,-2080.0,-480.0,-1600.0
2672,-2080.0,-480.0,-1520.0
2676,-2080.0,-480.0,-1600.0
2680,-2080.0,-480.0,-1520.0
2684,-2080.0,-480.0,-1520.0
2688,-2080.0,-400.0,-1520.0
2692,-2080.0,-480.0,-1520.0
2696,-2080.0,-480.0,-1520.0
2700,-2080.0,-400.0,-1520.0
2704,-2160.0,-400.0,-1520.0
2708,-2160.0,-400.0,-1600.0
2712,-2080.0,-400.0,-1520.0
2716,-2080.0,-400.0,-1520.0
2720,-2080.0,-480.0,-1520.0
2724,-2080.0,-400.0,-1520.0
2728,-2080.0,-400.0,-1520.0
2732,-2080.0,-400.0,-1520.0
2736,-2160.0,-480.0,-1520.0
2740,-2160.0,-400.0,-1600.0
2744,-2080.0,-400.0,-1600.0
2748,-2080.0,-400.0,-1600.0
2752,-2000.0,-400.0,-1600.0
2756,-2080.0,-400.0,-1600.0
2760,-2160.0,-480.0,-1600.0
2764,-2080.0,-400.0,-1600.0
2768,-2080.0,-400.0,-1600.0
2772,-2160.0,-400.0,-1600.0
2776,-2080.0,-400.0,-1600.0
2780,-2160.0,-400.0,-1120.0
2784,-2080.0,-400.0,-1600.0
2788,-2080.0,-400.0,-1600.0
2792,-2080.0,-400.0,-1600.0
2796,-2080.0,-400.0,-1600.0
2800,-2080.0,-480.0,-1600.0
2804,-2080.0,-400.0,-1600.0
2808,-2080.0,-400.0,-1600.0
2812,-2080.0,-400.0,-1600.0
2816,-2080.0,-400.0,-1600.0
2820,-2080.0,-400.0,-1600.0
2824,-2080.0,-400.0,-1600.0
2828,-2080.0,-400.0,-1600.0
2832,-2080.0,-400.0,-1600.0
2836,-2080.0,-400.0,-1600.0
2840,-2080.0,-400.0,-1600.0
2844,-2080.0,-400.0,-1600.0
2848,-2160.0,-400.0,-1600.0
2852,-2080.0,-400.0,-1600.0
2856,-2080.0,-400.0,-1600.0
2860,-2080.0,-400.0,-1680.0
2864,-2080.0,-400.0,-1600.0
2868,-2080.0,-400.0,-1600.0
2872,-2080.0,-400.0,-1600.0
2876,-2080.0,-400.0,-1600.0
2880,-2080.0,-400.0,-1600.0
2884,-2080.0,-400.0,-1600.0
2888,-2080.0,-400.0,-1600.0
2892,-2080.0,-400.0,-1600.0
2896,-2080.0,-400.0,-1600.0
2900,-2080.0,-400.0,-1600.0
2904,-2080.0,-400.0,-1600.0
2908,-2080.0,-400.0,-1600.0
2912,-2080.0,-400.0,-1600.0
2916,-2080.0,-400.0,-1600.0
2920,-2160.0,-400.0,-1600.0
2924,-2160.0,-400.0,-1680.0
2928,-2080.0,-400.0,-1680.0
2932,-2080.0,-320.0,-1600.0
2936,-2080.0,-320.0,-1600.0
2940,-2160.0,-400.0,-1680.0
2944,-2080.0,-400.0,-1600.0
2948,-2080.0,-400.0,-1680.0
2952,-2080.0,-320.0,-1680.0
2956,-2160.0,-320.0,-1680.0
2960,-2080.0,-320.0,-1600.0
2964,-2080.0,-320.0,-1680.0
2968,-2080.0,-400.0,-1680.0
2972,-2080.0,-400.0,-1600.0
2976,-2160.0,-320.0,-1680.0
2980,-2080.0,-400.0,-1680.0
2984,-2080.0,-400.0,-1600.0
2988,-2080.0,-320.0,-1600.0
2992,-2080.0,-320.0,-1600.0
2996,-2080.0,-320.0,-1680.0
3000,-2160.0,-320.0,-1680.0
3004,-2160.0,-320.0,-1680.0
3008,-2080.0,-320.0,-1680.0
3012,-2080.0,-320.0,-1680.0
3016,-2080.0,-320.0,-1680.0
3020,-2080.0,-320.0,-1680.0
3024,-2080.0,-320.0,-1680.0
3028,-2080.0,-400.0,-1680.0
3032,-2080.0,-320.0,-1680.0
3036,-2080.0,-320.0,-1680.0
3040,-2160.0,-320.0,-1600.0
3044,-2080.0,-400.0,-1680.0
3048,-2080.0,-320.0,-1680.0
3052,-2160.0,-320.0,-1600.0
3056,-2160.0,-240.0,-1680.0
3060,-2080.0,-320.0,-1680.0
3064,-2080.0,-320.0,-1680.0
3068,-2080.0,-320.0,-1680.0
3072,-2080.0,-320.0,-1680.0
3076,-2160.0,-320.0,-1680.0
3080,-2080.0,-320.0,-1680.0
3084,-2080.0,-320.0,-1680.0
3088,-2080.0,-320.0,-1680.0
3092,-2160.0,-320.0,-1680.0
3096,-2080.0,-320.0,-1680.0
3100,-2000.0,-320.0,-1680.0
3104,-2080.0,-320.0,-1680.0
3108,-2160.0,-320.0,-1680.0
3112,-2080.0,-320.0,-1680.0
3116,-2080.0,-320.0,-1680.0
3120,-2080.0,-320.0,-1680.0
3124,-2080.0,-320.0,-1680.0
3128,-2160.0,-320.0,-1680.0
3132,-2080.0,-320.0,-1680.0
3136,-2080.0,-320.0,-1680.0
3140,-2080.0,-320.0,-1680.0
3144,-2080.0,-320.0,-1760.0
3148,-2080.0,-320.0,-1680.0
3152,-2080.0,-320.0,-1680.0
3156,-2080.0,-320.0,-1760.0
3160,-2080.0,-320.0,-1680.0
3164,-2080.0,-240.0,-1760.0
3168,-2080.0,-320.0,-1680.0
3172,-2080.0,-320.0,-1680.0
3176,-2080.0,-320.0,-1680.0
3180,-2080.0,-320.0,-1680.0
3184,-2080.0,-320.0,-1680.0
3188,-2160.0,-240.0,-1760.0
3192,-2160.0,-240.0,-1760.0
3196,-2080.0,-320.0,-1680.0
3200,-2160.0,-320.0,-1760.0
3204,-2160.0,-240.0,-1760.0
3208,-2080.0,-240.0,-1680.0
3212,-2080.0,-240.0,-1680.0
3216,-2080.0,-240.0,-1760.0
3220,-2080.0,-240.0,-1680.0
3224,-2000.0,-240.0,-1680.0
3228,-2160.0,-320.0,-1680.0
3232,-2160.0,-240.0,-1760.0
3236,-2080.0,-320.0,-1680.0
3240,-2160.0,-320.0,-1760.0
3244,-2080.0,-320.0,-1680.0
3248,-2160.0,-240.0,-1680.0
3252,-2080.0,-240.0,-1760.0
3256,-2080.0,-240.0,-1760.0
3260,-2160.0,-240.0,-1760.0
3264,-2080.0,-240.0,-1680.0
3268,-2160.0,-240.0,-1680.0
3272,-2160.0,-320.0,-1680.0
3276,-2080.0,-240.0,-1760.0
3280,-2160.0,-240.0,-1760.0
3284,-2080.0,-320.0,-1760.0
3288,-2160.0,-240.0,-1760.0
3292,-2160.0,-240.0,-1680.0
3296,-2080.0,-320.0,-1680.0
3300,-2160.0,-240.0,-1760.0
3304,-2080.0,-240.0,-1760.0
3308,-2080.0,-240.0,-1760.0
3312,-2080.0,-240.0,-1760.0
3316,-2080.0,-320.0,-1760.0
3320,-2080.0,-240.0,-1760.0
3324,-2080.0,-240.0,-1760.0
3328,-2080.0,-240.0,-1680.0
3332,-2080.0,-240.0,-1760.0
3336,-2080.0,-240.0,-1760.0
3340,-2160.0,-240.0,-1760.0
3344,-2080.0,-240.0,-1760.0
3348,-2160.0,-240.0,-1760.0
3352,-2160.0,-240.0,-1760.0
3356,-2080.0,-240.0,-1760.0
3360,-2080.0,-240.0,-1760.0
3364,-2080.0,-240.0,-1760.0
3368,-2160.0,-240.0,-1760.0
3372,-2080.0,-240.0,-1760.0
3376,-2080.0,-240.0,-1760.0
3380,-2080.0,-240.0,-1760.0
3384,-2080.0,-240.0,-1760.0
3388,-2080.0,-240.0,-1760.0
3392,-2080.0,-240.0,-1760.0
3396,-2080.0,-240.0,-1760.0
3400,-2080.0,-240.0,-1760.0
3404,-2080.0,-240.0,-1760.0
3408,-2080.0,-240.0,-1760.0
3412,-2080.0,-240.0,-1760.0
3416,-2080.0,-240.0,-1760.0
3420,-2080.0,-240.0,-1760.0
3424,-2080.0,-240.0,-1760.0
3428,-2160.0,-240.0,-1760.0
3432,-2080.0,-240.0,-1760.0
3436,-2160.0,-240.0,-1760.0
3440,-2160.0,-240.0,-1760.0
3444,-2080.0,-240.0,-1760.0
3448,-2080.0,-240.0,-1760.0
3452,-2080.0,-240.0,-1760.0
3456,-2160.0,-240.0,-1760.0
3460,-2080.0,-160.0,-1840.0
3464,-2080.0,-240.0,-1840.0
3468,-2160.0,-240.0,-1760.0
3472,-2080.0,-240.0,-1760.0
3476,-2160.0,-240.0,-1760.0
3480,-2160.0,-240.0,-1760.0
3484,-2160.0,-240.0,-1840.0
3488,-2160.0,-240.0,-1760.0
3492,-2080.0,-240.0,-1840.0
3496,-2080.0,-240.0,-1760.0
3500,-2080.0,-240.0,-1760.0
3504,-2080.0,-240.0,-1760.0
3508,-2160.0,-240.0,-1840.0
3512,-2080.0,-240.0,-1840.0
3516,-2080.0,-240.0,-1760.0
3520,-2160.0,-160.0,-1760.0
3524,-2080.0,-240.0,-1760.0
3528,-2080.0,-240.0,-1840.0
3532,-2080.0,-240.0,-1840.0
3536,-2160.0,-240.0,-1760.0
3540,-2080.0,-240.0,-1760.0
3544,-2160.0,-240.0,-1760.0
3548,-2160.0,-160.0,-1840.0
3552,-2080.0,-160.0,-1520.0
3556,-2160.0,-240.0,-1760.0
3560,-2080.0,-240.0,-1840.0
3564,-2160.0,-160.0,-1840.0
3568,-2080.0,-240.0,-1760.0
3572,-2160.0,-240.0,-1760.0
3576,-2080.0,-240.0,-1840.0
3580,-2160.0,-240.0,-1840.0
3584,-2080.0,-160.0,-1840.0
3588,-2080.0,-240.0,-1840.0
3592,-2080.0,-240.0,-1840.0
3596,-2160.0,-160.0,-1840.0
3600,-2160.0,-240.0,-1840.0
3604,-2080.0,-160.0,-1840.0
3608,-2080.0,-240.0,-1840.0
3612,-2080.0,-160.0,-1840.0
3616,-2080.0,-160.0,-1840.0
3620,-2080.0,-160.0,-1840.0
3624,-2160.0,-240.0,-1840.0
3628,-2080.0,-240.0,-1840.0
3632,-2080.0,-240.0,-1840.0
3636,-2080.0,-240.0,-1840.0
3640,-2080.0,-160.0,-1840.0
3644,-2160.0,-160.0,-1840.0
3648,-2080.0,-160.0,-1840.0
3652,-2160.0,-160.0,-1840.0
3656,-2080.0,-240.0,-1840.0
3660,-2160.0,-160.0,-1840.0
3664,-2160.0,-160.0,-1840.0
3668,-2080.0,-240.0,-1840.0
3672,-2160.0,-160.0,-1840.0
3676,-2080.0,-160.0,-1840.0
3680,-2080.0,-160.0,-1840.0
3684,-2080.0,-160.0,-1760.0
3688,-2080.0,-160.0,-1840.0
3692,-2080.0,-240.0,-1840.0
3696,-2080.0,-80.0,-1840.0
3700,-2160.0,-160.0,-1840.0
3704,-2080.0,-160.0,-1840.0
3708,-2160.0,-160.0,-1840.0
3712,-2080.0,-160.0,-1840.0
3716,-2080.0,-160.0,-1840.0
3720,-2080.0,-160.0,-1840.0
3724,-2160.0,-160.0,-1840.0
3728,-2080.0,-160.0,-1840.0
3732,-2080.0,-160.0,-1840.0
3736,-2160.0,-160.0,-1840.0
3740,-2080.0,-160.0,-1840.0
3744,-2080.0,-160.0,-1840.0
3748,-2080.0,-160.0,-1840.0
3752,-2080.0,-160.0,-1840.0
3756,-2080.0,-160.0,-1840.0
3760,-2160.0,-160.0,-1840.0
3764,-2080.0,-160.0,-1840.0
3768,-2080.0,-160.0,-1760.0
3772,-2160.0,-240.0,-1840.0
3776,-2160.0,-160.0,-1840.0
3780,-2160.0,-160.0,-1840.0
3784,-2160.0,-160.0,-1840.0
3788,-2080.0,-160.0,-1840.0
3792,-2160.0,-160.0,-1840.0
3796,-2080.0,-160.0,-1840.0
3800,-2160.0,-160.0,-1840.0
3804,-2080.0,-160.0,-1840.0
3808,-2160.0,-160.0,-1840.0
3812,-2080.0,-80.0,-1840.0
3816,-2080.0,-160.0,-1840.0
3820,-2160.0,-160.0,-1840.0
3824,-2160.0,-160.0,-1920.0
3828,-2160.0,-160.0,-1840.0
3832,-2080.0,-240.0,-1840.0
3836,-2160.0,-240.0,-1840.0
3840,-2080.0,-160.0,-1840.0
3844,-2160.0,-160.0,-1920.0
3848,-2080.0,-160.0,-1840.0
3852,-2160.0,-160.0,-1840.0
3856,-2160.0,-160.0,-1840.0
3860,-2080.0,-160.0,-1840.0
3864,-2080.0,-160.0,-1920.0
3868,-2080.0,-160.0,-1840.0
3872,-2080.0,-160.0,-1840.0
3876,-2080.0,-160.0,-1840.0
3880,-2080.0,-160.0,-1920.0
3884,-2080.0,-160.0,-1840.0
3888,-2080.0,-160.0,-1840.0
3892,-2160.0,-160.0,-1840.0
3896,-2080.0,-160.0,-1840.0
3900,-2080.0,-160.0,-1920.0
3904,-2080.0,-160.0,-1840.0
3908,-2080.0,-160.0,-1840.0
3912,-2160.0,-160.0,-1840.0
3916,-2080.0,-160.0,-1840.0
3920,-2160.0,-160.0,-1840.0
3924,-2080.0,-160.0,-1840.0
3928,-2080.0,-160.0,-1840.0
3932,-2160.0,-160.0,-1840.0
3936,-2080.0,-160.0,-1920.0
3940,-2160.0,-160.0,-1840.0
3944,-2160.0,-160.0,-1920.0
3948,-2080.0,-160.0,-1840.0
3952,-2080.0,-160.0,-1840.0
3956,-2160.0,-160.0,-1920.0
3960,-2080.0,-160.0,-1920.0
3964,-2160.0,-160.0,-1840.0
3968,-2080.0,-160.0,-1840.0
3972,-2160.0,-80.0,-1920.0
3976,-2160.0,-160.0,-1840.0
3980,-2080.0,-160.0,-1840.0
3984,-2080.0,-160.0,-1920.0
3988,-2160.0,-160.0,-1840.0
3992,-2080.0,-160.0,-1840.0
3996,-2080.0,-160.0,-1840.0
4000,-2160.0,-160.0,-1920.0
4004,-2160.0,-80.0,-1840.0
4008,-2080.0,-160.0,-1840.0
4012,-2080.0,-160.0,-1920.0
4016,-2160.0,-160.0,-1840.0
4020,-2080.0,-160.0,-1920.0
4024,-2080.0,-160.0,-1840.0
4028,-2160.0,-80.0,-1920.0
4032,-2160.0,-160.0,-1920.0
4036,-2080.0,-160.0,-1920.0
4040,-2080.0,-80.0,-1840.0
4044,-2080.0,-160.0,-1840.0
4048,-2080.0,-80.0,-1920.0
4052,-2160.0,-160.0,-1920.0
4056,-2080.0,-160.0,-1840.0
4060,-2080.0,-80.0,-1840.0
4064,-2080.0,-160.0,-1920.0
4068,-2160.0,-160.0,-1840.0
4072,-2160.0,-80.0,-1920.0
4076,-2160.0,-80.0,-1920.0
4080,-2080.0,-160.0,-1920.0
4084,-2160.0,-160.0,-1840.0
4088,-2080.0,-160.0,-1920.0
4092,-2080.0,-160.0,-1840.0
4096,-2080.0,-160.0,-1920.0
4100,-2160.0,-80.0,-1920.0
4104,-2160.0,-80.0,-1840.0
4108,-2160.0,-80.0,-1840.0
4112,-2080.0,-160.0,-1920.0
4116,-2080.0,-80.0,-1840.0
4120,-2080.0,-80.0,-1920.0
4124,-2160.0,-160.0,-1840.0
4128,-2160.0,-80.0,-1840.0
4132,-2160.0,-160.0,-1920.0
4136,-2160.0,-80.0,-1920.0
4140,-2080.0,-160.0,-1840.0
4144,-2080.0,-160.0,-1920.0
4148,-2160.0,-80.0,-1920.0
4152,-2160.0,-80.0,-1840.0
4156,-2080.0,-160.0,-1920.0
4160,-2160.0,-160.0,-1920.0
4164,-2080.0,-160.0,-1920.0
4168,-2160.0,-80.0,-1920.0
4172,-2080.0,-80.0,-1920.0
4176,-2160.0,-160.0,-1840.0
4180,-2160.0,-80.0,-1840.0
4184,-2160.0,-80.0,-1920.0
4188,-2080.0,-80.0,-1920.0
4192,1760.0,-80.0,-1920.0
4196,1760.0,3760.0,-1920.0
4200,1760.0,3760.0,-1840.0
4204,1760.0,3680.0,-1840.0
4208,1760.0,3680.0,-1840.0
4212,1760.0,3680.0,-1840.0
4216,1760.0,3680.0,-1840.0
4220,1760.0,3680.0,-1840.0
4224,1760.0,3680.0,-1760.0
4228,1760.0,3680.0,-1760.0
4232,1760.0,3600.0,-1760.0
4236,1760.0,3600.0,-1760.0
4240,1760.0,3600.0,-1680.0
4244,1760.0,3520.0,-1680.0
4248,1760.0,3520.0,-1760.0
4252,1760.0,3520.0,-1680.0
4256,1760.0,3520.0,-1680.0
4260,1760.0,3520.0,-1680.0
4264,1760.0,3440.0,-1600.0
4268,1760.0,3440.0,-1600.0
4272,1760.0,3520.0,-1520.0
4276,1760.0,3440.0,-1520.0
4280,1760.0,3440.0,-1600.0
4284,1760.0,3440.0,-1520.0
4288,1760.0,3440.0,-1520.0
4292,1760.0,3360.0,-1520.0
4296,1760.0,3360.0,-1520.0
4300,1760.0,3360.0,-1520.0
4304,1760.0,3360.0,-1520.0
4308,1840.0,3280.0,-1440.0
4312,1760.0,3360.0,-1440.0
4316,1760.0,3360.0,-1440.0
4320,1760.0,3280.0,-1440.0
4324,1760.0,3280.0,-1360.0
4328,1760.0,3280.0,-1360.0
4332,1760.0,3200.0,-1360.0
4336,1760.0,3280.0,-1360.0
4340,1760.0,3200.0,-1360.0
4344,1840.0,3200.0,-1280.0
4348,1760.0,3200.0,-1280.0
4352,1760.0,3200.0,-1360.0
4356,1840.0,3200.0,-1280.0
4360,1760.0,3200.0,-1280.0
4364,1760.0,3200.0,-1280.0
4368,1840.0,3120.0,-1200.0
4372,1840.0,3200.0,-1280.0
4376,1760.0,3120.0,-1200.0
4380,1760.0,3120.0,-1280.0
4384,1840.0,3120.0,-1200.0
4388,1840.0,3120.0,-1200.0
4392,1840.0,3040.0,-1200.0
4396,1760.0,3040.0,-1120.0
4400,1840.0,3040.0,-1120.0
4404,1840.0,3040.0,-1200.0
4408,1760.0,2960.0,-1120.0
4412,1840.0,2960.0,-1120.0
4416,1840.0,2960.0,-1120.0
4420,1840.0,2960.0,-1040.0
4424,1840.0,2960.0,-1040.0
4428,1840.0,2960.0,-1040.0
4432,1840.0,2960.0,-1040.0
4436,1840.0,2880.0,-1040.0
4440,1840.0,2960.0,-1040.0
4444,1760.0,2960.0,-1040.0
4448,1760.0,2880.0,-960.0
4452,1840.0,2880.0,-960.0
4456,1840.0,2880.0,-960.0
4460,1840.0,2880.0,-960.0
4464,1840.0,2800.0,-960.0
4468,1840.0,2880.0,-960.0
4472,1840.0,2800.0,-960.0
4476,1840.0,2800.0,-880.0
4480,1840.0,2800.0,-880.0
4484,1840.0,2800.0,-880.0
4488,1840.0,2800.0,-880.0
4492,1840.0,2800.0,-880.0
4496,1760.0,2800.0,-880.0
4500,1840.0,2800.0,-800.0
4504,1840.0,2720.0,-880.0
4508,1840.0,2720.0,-880.0
4512,1840.0,2720.0,-800.0
4516,1840.0,2720.0,-800.0
4520,1840.0,2720.0,-800.0
4524,1840.0,2720.0,-800.0
4528,1840.0,2720.0,-800.0
4532,1840.0,2720.0,-800.0
4536,1840.0,2720.0,-800.0
4540,1840.0,2720.0,-720.0
4544,1840.0,2640.0,-720.0
4548,1840.0,2640.0,-720.0
4552,1840.0,2640.0,-720.0
4556,1840.0,2640.0,-720.0
4560,1840.0,2640.0,-720.0
4564,1840.0,2640.0,-640.0
4568,1840.0,2560.0,-640.0
4572,1840.0,2560.0,-640.0
4576,1840.0,2560.0,-640.0
4580,1840.0,2560.0,-640.0
4584,1840.0,2560.0,-640.0
4588,1840.0,2560.0,-480.0
4592,1840.0,2480.0,-640.0
4596,1840.0,2560.0,-560.0
4600,1840.0,2480.0,-640.0
4604,1840.0,2480.0,-560.0
4608,1760.0,2480.0,-560.0
4612,1840.0,2480.0,-560.0
4616,1840.0,2480.0,-560.0
4620,1840.0,2480.0,-560.0
4624,1840.0,2400.0,-560.0
4628,1840.0,2480.0,-560.0
4632,1840.0,2480.0,-480.0
4636,1840.0,2480.0,-480.0
4640,1840.0,2400.0,-480.0
4644,1840.0,2400.0,-480.0
4648,1840.0,2400.0,-480.0
4652,1840.0,2400.0,-480.0
4656,1920.0,2400.0,-480.0
4660,1840.0,2400.0,-400.0
4664,1840.0,2320.0,-480.0
4668,1840.0,2400.0,-400.0
4672,1840.0,2400.0,-400.0
4676,1840.0,2320.0,-400.0
4680,1840.0,2320.0,-400.0
4684,1840.0,2320.0,-400.0
4688,1840.0,2320.0,-400.0
4692,1840.0,2320.0,-400.0
4696,1840.0,2320.0,-320.0
4700,1840.0,2320.0,-320.0
4704,1920.0,2320.0,-320.0
4708,1840.0,2240.0,-320.0
4712,1840.0,2240.0,-320.0
4716,1840.0,2240.0,-320.0
4720,1840.0,2240.0,-320.0
4724,1920.0,2240.0,-320.0
4728,1840.0,2240.0,-320.0
4732,1840.0,2160.0,-320.0
4736,1840.0,2240.0,-240.0
4740,1920.0,2240.0,-320.0
4744,1840.0,2240.0,-240.0
4748,1840.0,2160.0,-240.0
4752,1840.0,2160.0,-240.0
4756,1840.0,2160.0,-240.0
4760,1840.0,2160.0,-240.0
4764,1920.0,2160.0,-240.0
4768,1920.0,2160.0,-160.0
4772,1840.0,2160.0,-240.0
4776,1840.0,2160.0,-160.0
4780,1920.0,2160.0,-240.0
4784,1840.0,2080.0,-160.0
4788,1840.0,2080.0,-160.0
4792,1840.0,2080.0,-240.0
4796,1840.0,2080.0,-160.0
4800,1840.0,2080.0,-160.0
4804,1840.0,2080.0,-80.0
4808,1840.0,2080.0,-160.0
4812,1920.0,2080.0,-80.0
4816,1840.0,2080.0,-80.0
4820,1920.0,2000.0,-80.0
4824,1920.0,2080.0,-80.0
4828,1840.0,2000.0,-80.0
4832,1920.0,2000.0,-80.0
4836,1920.0,2000.0,-80.0
4840,1920.0,2000.0,0.0
4844,1840.0,2000.0,0.0
4848,1920.0,2000.0,0.0
4852,1920.0,2000.0,0.0
4856,1840.0,2000.0,-80.0
4860,1920.0,2000.0,0.0
4864,1920.0,2000.0,0.0
4868,1920.0,1920.0,0.0
4872,1840.0,1920.0,0.0
4876,1920.0,1920.0,0.0
4880,1840.0,1920.0,0.0
4884,1920.0,1920.0,0.0
4888,1920.0,1920.0,0.0
4892,1920.0,1920.0,80.0
4896,1920.0,1920.0,80.0
4900,1840.0,1840.0,80.0
4904,1840.0,1920.0,80.0
4908,1840.0,1840.0,80.0
4912,1920.0,1920.0,80.0
4916,1920.0,1920.0,160.0
4920,1920.0,1840.0,80.0
4924,1840.0,1840.0,80.0
4928,1840.0,1840.0,160.0
4932,1920.0,1840.0,160.0
4936,1840.0,1840.0,160.0
4940,1920.0,1760.0,160.0
4944,1920.0,1760.0,160.0
4948,1920.0,1840.0,160.0
4952,1920.0,1840.0,160.0
4956,1920.0,1840.0,240.0
4960,1920.0,1760.0,240.0
4964,1920.0,1760.0,240.0
4968,1920.0,1760.0,240.0
4972,1840.0,1760.0,160.0
4976,1840.0,1760.0,240.0
4980,1920.0,1840.0,240.0
4984,1920.0,1760.0,160.0
4988,1920.0,1760.0,240.0
4992,1920.0,1760.0,320.0
4996,1920.0,1760.0,240.0
5000,1840.0,1760.0,320.0
5004,1920.0,1680.0,320.0
5008,1920.0,1760.0,320.0
5012,1920.0,1680.0,320.0
5016,1840.0,1680.0,320.0
5020,1920.0,1680.0,320.0
5024,1920.0,1680.0,320.0
5028,1920.0,1680.0,320.0
5032,1920.0,1680.0,320.0
5036,1920.0,1680.0,320.0
5040,1920.0,1680.0,400.0
5044,1920.0,1680.0,320.0
5048,1920.0,1680.0,320.0
5052,1920.0,1600.0,400.0
5056,1920.0,1600.0,400.0
5060,1920.0,1600.0,400.0
5064,1920.0,1600.0,400.0
5068,1920.0,1600.0,400.0
5072,1920.0,1600.0,400.0
5076,1920.0,1600.0,400.0
5080,1920.0,1600.0,400.0
5084,1840.0,1600.0,400.0
5088,1920.0,1600.0,400.0
5092,1920.0,1600.0,480.0
5096,1920.0,1600.0,480.0
5100,1920.0,1600.0,400.0
5104,1920.0,1520.0,480.0
5108,1920.0,1600.0,480.0
5112,1920.0,1520.0,480.0
5116,1920.0,1520.0,480.0
5120,1920.0,1520.0,480.0
5124,1920.0,1520.0,480.0
5128,1920.0,1520.0,480.0
5132,1920.0,1520.0,560.0
5136,1920.0,1520.0,480.0
5140,1920.0,1520.0,480.0
5144,1920.0,1520.0,480.0
5148,1920.0,1520.0,560.0
5152,1920.0,1520.0,560.0
5156,1920.0,1520.0,560.0
5160,1920.0,1520.0,560.0
5164,1920.0,1440.0,560.0
5168,1920.0,1440.0,560.0
5172,1920.0,1440.0,560.0
5176,1920.0,1440.0,560.0
5180,1920.0,1440.0,560.0
5184,1920.0,1440.0,560.0
5188,1920.0,1440.0,640.0
5192,1920.0,1440.0,640.0
5196,1920.0,1360.0,640.0
5200,1920.0,1440.0,640.0
5204,1920.0,1440.0,640.0
5208,1920.0,1440.0,640.0
5212,1920.0,1360.0,640.0
5216,1920.0,1360.0,640.0
5220,1920.0,1360.0,640.0
5224,1920.0,1360.0,640.0
5228,2000.0,1440.0,640.0
5232,1920.0,1360.0,640.0
5236,1920.0,1360.0,640.0
5240,1920.0,1360.0,720.0
5244,1920.0,1360.0,640.0
5248,1920.0,1360.0,720.0
5252,1920.0,1360.0,640.0
5256,1920.0,1280.0,720.0
5260,1920.0,1360.0,720.0
5264,1920.0,1360.0,720.0
5268,1920.0,1360.0,720.0
5272,1920.0,1360.0,640.0
5276,1920.0,1280.0,720.0
5280,1920.0,1280.0,720.0
5284,1920.0,1280.0,720.0
5288,1920.0,1280.0,720.0
5292,1920.0,1280.0,720.0
5296,1920.0,1280.0,720.0
5300,1920.0,1360.0,720.0
5304,1920.0,1280.0,720.0
5308,1920.0,1280.0,800.0
5312,1920.0,1280.0,800.0
5316,1920.0,1280.0,720.0
5320,1920.0,1200.0,720.0
5324,1920.0,1200.0,800.0
5328,1920.0,1280.0,800.0
5332,1920.0,1200.0,800.0
5336,1920.0,1200.0,800.0
5340,1920.0,1280.0,800.0
5344,1920.0,1200.0,800.0
5348,1920.0,1200.0,800.0
5352,1920.0,1200.0,800.0
5356,1920.0,1200.0,800.0
5360,1920.0,1200.0,800.0
5364,1920.0,1200.0,800.0
5368,1920.0,1200.0,800.0
5372,1920.0,1200.0,800.0
5376,1920.0,1200.0,800.0
5380,1920.0,1200.0,880.0
5384,1920.0,1120.0,800.0
5388,1920.0,1200.0,800.0
5392,2000.0,1200.0,800.0
5396,1920.0,1120.0,880.0
5400,1920.0,1200.0,880.0
5404,2000.0,1120.0,880.0
5408,1920.0,1120.0,800.0
5412,1920.0,1120.0,880.0
5416,1920.0,1120.0,880.0
5420,1920.0,1120.0,880.0
5424,1920.0,1120.0,880.0
5428,1920.0,1120.0,880.0
5432,1920.0,1120.0,880.0
5436,2000.0,1120.0,800.0
5440,1920.0,1120.0,880.0
5444,1920.0,1120.0,960.0
5448,1920.0,1120.0,960.0
5452,1920.0,1120.0,880.0
5456,1920.0,1120.0,880.0
5460,1920.0,1120.0,880.0
5464,1920.0,1120.0,960.0
5468,1920.0,1040.0,960.0
5472,1920.0,1120.0,960.0
5476,1920.0,1120.0,960.0
5480,1920.0,1040.0,960.0
5484,1920.0,1120.0,960.0
5488,1920.0,1040.0,960.0
5492,1920.0,1040.0,960.0
5496,1920.0,1040.0,960.0
5500,1920.0,1040.0,960.0
5504,1920.0,1040.0,1040.0
5508,1920.0,1040.0,960.0
5512,1920.0,1040.0,960.0
5516,1920.0,1040.0,1040.0
5520,1920.0,1040.0,960.0
5524,1920.0,1040.0,960.0
5528,1920.0,1040.0,960.0
5532,1920.0,1040.0,960.0
5536,1920.0,1040.0,960.0
5540,1920.0,1040.0,960.0
5544,1920.0,960.0,1040.0
5548,1920.0,1040.0,1040.0
5552,1920.0,960.0,1040.0
5556,1920.0,960.0,1040.0
5560,2000.0,960.0,1040.0
5564,1920.0,960.0,1040.0
5568,1920.0,1040.0,1040.0
5572,2000.0,1040.0,1040.0
5576,1920.0,960.0,1040.0
5580,1920.0,960.0,1040.0
5584,1920.0,960.0,1040.0
5588,1920.0,960.0,1040.0
5592,2000.0,960.0,1040.0
5596,1920.0,960.0,1040.0
5600,2000.0,960.0,1040.0
5604,1920.0,960.0,1120.0
5608,2000.0,960.0,1040.0
5612,2000.0,960.0,1040.0
5616,1920.0,960.0,1120.0
5620,2000.0,960.0,1040.0
5624,1920.0,960.0,1120.0
5628,1920.0,960.0,880.0
5632,2000.0,960.0,1040.0
5636,1920.0,960.0,1040.0
5640,2000.0,960.0,1120.0
5644,1920.0,880.0,1120.0
5648,1920.0,960.0,1040.0
5652,1920.0,960.0,1120.0
5656,2000.0,880.0,1120.0
5660,1920.0,960.0,1120.0
5664,2000.0,880.0,1120.0
5668,1920.0,880.0,1120.0
5672,1920.0,880.0,1120.0
5676,1920.0,880.0,1120.0
5680,1920.0,880.0,1120.0
5684,1920.0,880.0,1120.0
5688,2000.0,880.0,1120.0
5692,2000.0,880.0,1120.0
5696,2000.0,880.0,1200.0
5700,1920.0,880.0,1120.0
5704,2000.0,880.0,1120.0
5708,2000.0,880.0,1120.0
5712,1920.0,880.0,1120.0
5716,1920.0,880.0,1200.0
5720,1920.0,880.0,1200.0
5724,2000.0,800.0,1200.0
5728,1920.0,880.0,1120.0
5732,2000.0,880.0,1200.0
5736,2000.0,880.0,1200.0
5740,1920.0,800.0,1200.0
5744,2000.0,800.0,1200.0
5748,2000.0,880.0,1120.0
5752,2000.0,800.0,1200.0
5756,1920.0,800.0,1200.0
5760,1920.0,800.0,1200.0
5764,1920.0,800.0,1200.0
5768,1920.0,800.0,1200.0
5772,1920.0,800.0,1200.0
5776,2000.0,880.0,1200.0
5780,1920.0,800.0,1200.0
5784,1920.0,800.0,1200.0
5788,2000.0,800.0,1200.0
5792,2000.0,800.0,1200.0
5796,2000.0,800.0,1200.0
5800,2000.0,800.0,1200.0
5804,2000.0,800.0,1200.0
5808,2000.0,800.0,1280.0
5812,2000.0,800.0,1200.0
5816,2000.0,800.0,1200.0
5820,2000.0,800.0,1280.0
5824,2000.0,800.0,1200.0
5828,2000.0,720.0,1200.0
5832,2000.0,800.0,1200.0
5836,2000.0,800.0,1280.0
5840,1920.0,800.0,1280.0
5844,1920.0,800.0,1280.0
5848,2000.0,720.0,1280.0
5852,1920.0,800.0,1280.0
5856,2000.0,800.0,1280.0
5860,2000.0,800.0,1200.0
5864,2000.0,800.0,1280.0
5868,1920.0,800.0,1280.0
5872,1920.0,800.0,1280.0
5876,2000.0,720.0,1280.0
5880,2000.0,720.0,1280.0
5884,1920.0,720.0,1280.0
5888,2000.0,720.0,1280.0
5892,2000.0,720.0,1280.0
5896,2000.0,720.0,1280.0
5900,2000.0,720.0,1280.0
5904,1920.0,720.0,1280.0
5908,2000.0,720.0,1280.0
5912,1920.0,720.0,1360.0
5916,2000.0,720.0,1360.0
5920,2000.0,720.0,1280.0
5924,1920.0,720.0,1200.0
5928,2000.0,720.0,1360.0
5932,2000.0,720.0,1280.0
5936,2000.0,720.0,1280.0
5940,2000.0,720.0,1280.0
5944,2000.0,720.0,1280.0
5948,2000.0,720.0,1280.0
5952,1920.0,720.0,1280.0
5956,2000.0,720.0,1360.0
5960,2000.0,720.0,1360.0
5964,2000.0,720.0,1360.0
5968,2000.0,720.0,1360.0
5972,2000.0,720.0,1360.0
5976,1920.0,720.0,1360.0
5980,1920.0,720.0,1360.0
5984,2000.0,720.0,1360.0
5988,2000.0,720.0,1360.0
5992,2000.0,640.0,1360.0
5996,2000.0,640.0,1280.0
6000,2000.0,720.0,1360.0
6004,2000.0,720.0,1360.0
6008,1920.0,640.0,1360.0
6012,1920.0,640.0,1360.0
6016,2000.0,640.0,1440.0
6020,1920.0,720.0,1440.0
6024,2000.0,640.0,1360.0
6028,2000.0,640.0,1360.0
6032,2000.0,640.0,1360.0
6036,2000.0,640.0,1360.0
6040,2000.0,640.0,1360.0
6044,2000.0,640.0,1360.0
6048,2000.0,720.0,1360.0
6052,2000.0,640.0,1440.0
6056,2000.0,640.0,1360.0
6060,2000.0,640.0,1440.0
6064,2000.0,640.0,1440.0
6068,1920.0,640.0,1440.0
6072,2000.0,640.0,1440.0
6076,2000.0,640.0,1440.0
6080,2000.0,640.0,1360.0
6084,2000.0,640.0,1440.0
6088,2000.0,640.0,1440.0
6092,2000.0,640.0,1440.0
6096,1920.0,640.0,1440.0
6100,2000.0,560.0,1440.0
6104,2000.0,560.0,1440.0
6108,2000.0,640.0,1440.0
6112,2000.0,640.0,1440.0
6116,2000.0,640.0,1440.0
6120,2000.0,640.0,1440.0
6124,1920.0,640.0,1440.0
6128,2000.0,560.0,1440.0
6132,2000.0,640.0,1520.0
6136,2000.0,640.0,1440.0
6140,2000.0,560.0,1440.0
6144,2000.0,640.0,1440.0
6148,2000.0,560.0,1520.0
6152,1920.0,640.0,1440.0
6156,1920.0,640.0,1520.0
6160,2000.0,560.0,1440.0
6164,2000.0,640.0,1440.0
6168,2000.0,560.0,1440.0
6172,2000.0,640.0,1440.0
6176,2000.0,560.0,1440.0
6180,2000.0,560.0,1440.0
6184,2000.0,560.0,1520.0
6188,2000.0,560.0,1520.0
6192,2000.0,560.0,1520.0
6196,2000.0,560.0,1440.0
6200,2000.0,560.0,1440.0
6204,2080.0,560.0,1520.0
6208,1920.0,640.0,1520.0
6212,1920.0,560.0,1520.0
6216,2000.0,560.0,1440.0
6220,2000.0,560.0,1520.0
6224,2000.0,560.0,1520.0
6228,2000.0,560.0,1520.0
6232,1920.0,560.0,1520.0
6236,1920.0,560.0,1520.0
6240,2000.0,560.0,1520.0
6244,1920.0,560.0,1520.0
6248,2000.0,560.0,1520.0
6252,1920.0,560.0,1520.0
6256,2000.0,560.0,1440.0
6260,2000.0,560.0,1520.0
6264,2000.0,560.0,1520.0
6268,2000.0,560.0,1520.0
6272,2000.0,560.0,1520.0
6276,2000.0,560.0,1520.0
6280,2000.0,560.0,1520.0
6284,2000.0,480.0,1520.0
6288,2000.0,560.0,1520.0
6292,2000.0,560.0,1520.0
6296,2000.0,480.0,1520.0
6300,1920.0,560.0,1520.0
6304,2000.0,480.0,1520.0
6308,2000.0,480.0,1520.0
6312,2000.0,480.0,1600.0
6316,2000.0,480.0,1520.0
6320,2000.0,480.0,1520.0
6324,2000.0,480.0,1600.0
6328,2000.0,480.0,1600.0
6332,2000.0,480.0,1520.0
6336,2000.0,560.0,1520.0
6340,2000.0,480.0,1520.0
6344,2000.0,480.0,1600.0
6348,2000.0,480.0,1600.0
6352,2000.0,480.0,1520.0
6356,1920.0,480.0,1520.0
6360,1920.0,480.0,1520.0
6364,2000.0,480.0,1520.0
6368,2000.0,480.0,1600.0
6372,2000.0,480.0,1600.0
6376,2000.0,480.0,1600.0
6380,2000.0,480.0,1600.0
6384,2000.0,480.0,1600.0
6388,2000.0,480.0,1600.0
6392,2000.0,480.0,1600.0
6396,2000.0,480.0,1600.0
6400,2000.0,480.0,1600.0
6404,2000.0,480.0,1600.0
6408,2000.0,480.0,1600.0
6412,2000.0,480.0,1520.0
6416,2000.0,480.0,1600.0
6420,2000.0,480.0,1600.0
6424,2000.0,480.0,1600.0
6428,2000.0,480.0,1600.0
6432,2000.0,480.0,1600.0
6436,2000.0,480.0,2000.0
6440,2000.0,480.0,1600.0
6444,2000.0,480.0,1600.0
6448,2000.0,400.0,1520.0
6452,2000.0,480.0,1600.0
6456,2000.0,480.0,1600.0
6460,2000.0,480.0,1520.0
6464,2000.0,480.0,1600.0
6468,2000.0,480.0,1600.0
6472,2000.0,480.0,1600.0
6476,2000.0,480.0,1600.0
6480,1920.0,400.0,1600.0
6484,2000.0,480.0,1600.0
6488,2000.0,480.0,1600.0
6492,2000.0,400.0,1600.0
6496,2000.0,400.0,1600.0
6500,2000.0,480.0,1600.0
6504,2000.0,400.0,1600.0
6508,2000.0,480.0,1600.0
6512,2000.0,400.0,1680.0
6516,2000.0,400.0,1600.0
6520,2000.0,480.0,1600.0
6524,2000.0,400.0,1680.0
6528,2000.0,400.0,1600.0
6532,2000.0,480.0,1680.0
6536,2000.0,400.0,1680.0
6540,2000.0,400.0,1600.0
6544,2000.0,400.0,1680.0
6548,2000.0,400.0,1680.0
6552,2000.0,400.0,1680.0
6556,2000.0,400.0,1600.0
6560,1920.0,400.0,1600.0
6564,2000.0,400.0,1680.0
6568,2000.0,400.0,1680.0
6572,2000.0,400.0,1680.0
6576,2000.0,400.0,1680.0
6580,2000.0,320.0,1680.0
6584,2000.0,400.0,1680.0
6588,2000.0,400.0,1680.0
6592,2000.0,400.0,1680.0
6596,2000.0,400.0,1680.0
6600,2000.0,400.0,1680.0
6604,2000.0,400.0,1680.0
6608,2000.0,400.0,1680.0
6612,2000.0,400.0,1680.0
6616,2000.0,400.0,1680.0
6620,2000.0,320.0,1680.0
6624,2000.0,400.0,1680.0
6628,2000.0,400.0,1680.0
6632,2000.0,320.0,1680.0
6636,2000.0,400.0,1680.0
6640,2000.0,400.0,1680.0
6644,2000.0,320.0,1680.0
6648,2000.0,400.0,1680.0
6652,2000.0,400.0,1680.0
6656,2000.0,400.0,1680.0
6660,2000.0,400.0,1680.0
6664,2000.0,320.0,1760.0
6668,2000.0,400.0,1680.0
6672,2000.0,320.0,1680.0
6676,2000.0,400.0,1680.0
6680,2000.0,320.0,1680.0
6684,2000.0,320.0,1680.0
6688,2000.0,320.0,1760.0
6692,2000.0,400.0,1680.0
6696,2000.0,320.0,1760.0
6700,2000.0,400.0,1760.0
6704,2000.0,400.0,1680.0
6708,2000.0,320.0,1680.0
6712,2000.0,400.0,1680.0
6716,2000.0,400.0,1680.0
6720,2000.0,400.0,1760.0
6724,2000.0,320.0,1760.0
6728,2000.0,320.0,1760.0
6732,2000.0,320.0,1680.0
6736,2080.0,400.0,1760.0
6740,2000.0,400.0,1680.0
6744,1920.0,320.0,1760.0
6748,2000.0,320.0,1680.0
6752,2000.0,400.0,1760.0
6756,2000.0,320.0,1760.0
6760,2000.0,320.0,1760.0
6764,2000.0,320.0,1680.0
6768,2000.0,400.0,1760.0
6772,2000.0,320.0,1760.0
6776,1920.0,400.0,1680.0
6780,2000.0,320.0,1760.0
6784,2000.0,320.0,1680.0
6788,2000.0,320.0,1760.0
6792,1920.0,320.0,1760.0
6796,2000.0,320.0,1680.0
6800,2000.0,320.0,1760.0
6804,2000.0,400.0,1760.0
6808,2000.0,320.0,1760.0
6812,2000.0,320.0,1680.0
6816,2000.0,320.0,1760.0
6820,1920.0,320.0,1760.0
6824,2000.0,320.0,1760.0
6828,2000.0,320.0,1760.0
6832,2000.0,320.0,1760.0
6836,2000.0,320.0,1760.0
6840,2000.0,320.0,1760.0
6844,2000.0,320.0,1760.0
6848,2000.0,320.0,1760.0
6852,2000.0,320.0,1760.0
6856,2000.0,320.0,1760.0
6860,2000.0,320.0,1760.0
6864,2000.0,320.0,1760.0
6868,2000.0,320.0,1760.0
6872,2000.0,320.0,1760.0
6876,2000.0,240.0,1760.0
6880,2000.0,240.0,1760.0
6884,2000.0,320.0,1760.0
6888,2000.0,320.0,1760.0
6892,2000.0,320.0,1760.0
6896,2000.0,320.0,1680.0
6900,2000.0,320.0,1760.0
6904,2000.0,320.0,1680.0
6908,2000.0,320.0,1760.0
6912,2000.0,240.0,1760.0
6916,2000.0,240.0,1760.0
6920,2000.0,320.0,1760.0
6924,2000.0,240.0,1760.0
6928,1920.0,320.0,1760.0
6932,2000.0,320.0,1760.0
6936,2000.0,320.0,1760.0
6940,2000.0,240.0,1760.0
6944,2000.0,320.0,1760.0
6948,2000.0,240.0,1760.0
6952,2000.0,320.0,1760.0
6956,2000.0,320.0,1760.0
6960,2000.0,320.0,1760.0
6964,2000.0,320.0,1760.0
6968,2000.0,240.0,1760.0
6972,2000.0,240.0,1760.0
6976,2000.0,240.0,1760.0
6980,2000.0,320.0,1760.0
6984,2000.0,240.0,1760.0
6988,2000.0,320.0,1760.0
6992,2000.0,240.0,1760.0
6996,2000.0,240.0,1760.0
7000,2000.0,240.0,1760.0
7004,2000.0,240.0,1760.0
7008,2000.0,240.0,1760.0
7012,2000.0,240.0,1680.0
7016,2000.0,240.0,1760.0
7020,2000.0,240.0,1760.0
7024,2000.0,320.0,1760.0
7028,2000.0,240.0,1840.0
7032,2000.0,240.0,1840.0
7036,2000.0,240.0,1760.0
7040,2000.0,240.0,1760.0
7044,2000.0,240.0,1760.0
7048,2000.0,240.0,1760.0
7052,2000.0,240.0,1760.0
7056,2000.0,240.0,1840.0
7060,2000.0,320.0,1760.0
7064,2000.0,240.0,1760.0
7068,1920.0,240.0,1760.0
7072,2000.0,240.0,1760.0
7076,2000.0,240.0,1760.0
7080,2000.0,240.0,1760.0
7084,2000.0,240.0,1760.0
7088,2000.0,240.0,1760.0
7092,2000.0,240.0,1760.0
7096,2000.0,240.0,1760.0
7100,2000.0,240.0,1840.0
7104,2000.0,240.0,1840.0
7108,2000.0,240.0,1760.0
7112,2000.0,240.0,1840.0
7116,2000.0,240.0,1760.0
7120,2000.0,240.0,1760.0
7124,2000.0,240.0,1760.0
7128,2000.0,240.0,1840.0
7132,2000.0,240.0,1840.0
7136,2000.0,240.0,1840.0
7140,2000.0,240.0,1840.0
7144,2000.0,240.0,1840.0
7148,2000.0,240.0,1840.0
7152,1920.0,240.0,1760.0
7156,2000.0,240.0,1840.0
7160,2000.0,160.0,1840.0
7164,2000.0,240.0,1840.0
7168,2000.0,240.0,1840.0
7172,2000.0,240.0,1840.0
7176,2000.0,240.0,1840.0
7180,2000.0,240.0,1840.0
7184,-1760.0,240.0,1840.0
7188,-1840.0,-3520.0,1840.0
7192,-1840.0,-3520.0,1840.0
7196,-1840.0,-3520.0,1840.0
7200,-1840.0,-3440.0,1760.0
7204,-1840.0,-3440.0,1760.0
7208,-1840.0,-3440.0,1760.0
7212,-1920.0,-3440.0,1760.0
7216,-1920.0,-3440.0,1760.0
7220,-1920.0,-3440.0,1680.0
7224,-1920.0,-3360.0,1760.0
7228,-1840.0,-3360.0,1680.0
7232,-1840.0,-3360.0,1680.0
7236,-1840.0,-3360.0,1680.0
7240,-1920.0,-3280.0,1600.0
7244,-1920.0,-3280.0,1600.0
7248,-1840.0,-3280.0,1600.0
7252,-1920.0,-3280.0,1600.0
7256,-1840.0,-3280.0,1600.0
7260,-1920.0,-3280.0,1520.0
7264,-1920.0,-3280.0,1520.0
7268,-1920.0,-3280.0,1520.0
7272,-1920.0,-3200.0,1520.0
7276,-1840.0,-3200.0,1440.0
7280,-1840.0,-3200.0,1520.0
7284,-1920.0,-3200.0,1520.0
7288,-1840.0,-3120.0,1440.0
7292,-1920.0,-3200.0,1440.0
7296,-1920.0,-3200.0,1360.0
7300,-1920.0,-3200.0,1360.0
7304,-1920.0,-3120.0,1360.0
7308,-1920.0,-3120.0,1360.0
7312,-1920.0,-3120.0,1360.0
7316,-1920.0,-3120.0,1360.0
7320,-1840.0,-3040.0,1360.0
7324,-1920.0,-3040.0,1280.0
7328,-1920.0,-3040.0,1280.0
7332,-1920.0,-3040.0,1280.0
7336,-1920.0,-3040.0,1280.0
7340,-1920.0,-3040.0,1280.0
7344,-1920.0,-2960.0,1280.0
7348,-1840.0,-3040.0,1280.0
7352,-1920.0,-2960.0,1200.0
7356,-1920.0,-2960.0,1120.0
7360,-1920.0,-2960.0,1280.0
7364,-1920.0,-2960.0,1200.0
7368,-1840.0,-2880.0,1200.0
7372,-1920.0,-2880.0,1120.0
7376,-1920.0,-2880.0,1120.0
7380,-1920.0,-2880.0,1120.0
7384,-1920.0,-2880.0,1120.0
7388,-1920.0,-2880.0,1120.0
7392,-1920.0,-2880.0,1120.0
7396,-1920.0,-2880.0,1040.0
7400,-1920.0,-2880.0,1120.0
7404,-2000.0,-2800.0,1040.0
7408,-1920.0,-2800.0,1040.0
7412,-1920.0,-2800.0,1040.0
7416,-1920.0,-2800.0,1040.0
7420,-1920.0,-2720.0,960.0
7424,-1920.0,-2800.0,1040.0
7428,-1920.0,-2720.0,960.0
7432,-2000.0,-2800.0,960.0
7436,-1920.0,-2720.0,960.0
7440,-1920.0,-2720.0,960.0
7444,-1920.0,-2720.0,960.0
7448,-1920.0,-2720.0,960.0
7452,-2000.0,-2640.0,880.0
7456,-1920.0,-2640.0,880.0
7460,-2000.0,-2640.0,880.0
7464,-1920.0,-2640.0,880.0
7468,-1920.0,-2640.0,880.0
7472,-1920.0,-2640.0,880.0
7476,-1920.0,-2640.0,880.0
7480,-1920.0,-2560.0,800.0
7484,-1920.0,-2640.0,800.0
7488,-1920.0,-2640.0,800.0
7492,-1920.0,-2560.0,800.0
7496,-1920.0,-2560.0,800.0
7500,-1920.0,-2560.0,800.0
7504,-1920.0,-2560.0,800.0
7508,-1920.0,-2560.0,800.0
7512,-1920.0,-2560.0,720.0
7516,-2000.0,-2560.0,720.0
7520,-2000.0,-2480.0,720.0
7524,-1920.0,-2480.0,720.0
7528,-2000.0,-2480.0,400.0
7532,-1920.0,-2480.0,720.0
7536,-1920.0,-2480.0,640.0
7540,-1920.0,-2480.0,640.0
7544,-2000.0,-2400.0,640.0
7548,-2000.0,-2400.0,640.0
7552,-2000.0,-2400.0,640.0
7556,-2000.0,-2400.0,640.0
7560,-1920.0,-2400.0,640.0
7564,-1920.0,-2400.0,640.0
7568,-1920.0,-2400.0,640.0
7572,-2000.0,-2400.0,560.0
7576,-2000.0,-2320.0,560.0
7580,-1920.0,-2320.0,560.0
7584,-1920.0,-2400.0,560.0
7588,-1920.0,-2320.0,560.0
7592,-2000.0,-2320.0,560.0
7596,-1920.0,-2320.0,480.0
7600,-2000.0,-2320.0,560.0
7604,-1920.0,-2320.0,480.0
7608,-2000.0,-2240.0,480.0
7612,-2000.0,-2320.0,480.0
7616,-2000.0,-2320.0,480.0
7620,-2000.0,-2240.0,480.0
7624,-1920.0,-2240.0,480.0
7628,-1920.0,-2240.0,480.0
7632,-1920.0,-2240.0,400.0
7636,-1920.0,-2240.0,400.0
7640,-2000.0,-2240.0,400.0
7644,-2000.0,-2240.0,400.0
7648,-2000.0,-2240.0,320.0
7652,-1920.0,-2160.0,400.0
7656,-1920.0,-2160.0,320.0
7660,-2000.0,-2160.0,320.0
7664,-1920.0,-2160.0,400.0
7668,-2000.0,-2160.0,320.0
7672,-2000.0,-2160.0,320.0
7676,-2000.0,-2160.0,320.0
7680,-2000.0,-2080.0,320.0
7684,-2000.0,-2160.0,240.0
7688,-1920.0,-2080.0,320.0
7692,-2000.0,-2080.0,240.0
7696,-2000.0,-2080.0,320.0
7700,-2000.0,-2160.0,240.0
7704,-1920.0,-2080.0,240.0
7708,-2000.0,-2080.0,240.0
7712,-2000.0,-2080.0,240.0
7716,-2000.0,-2080.0,240.0
7720,-1920.0,-2000.0,80.0
7724,-2000.0,-2080.0,240.0
7728,-2000.0,-2080.0,160.0
7732,-2000.0,-2000.0,160.0
7736,-2000.0,-2000.0,160.0
7740,-2000.0,-2000.0,160.0
7744,-2000.0,-2000.0,160.0
7748,-2000.0,-2000.0,160.0
7752,-2000.0,-2000.0,80.0
7756,-2000.0,-1920.0,80.0
7760,-2000.0,-1920.0,80.0
7764,-2000.0,-1920.0,80.0
7768,-1920.0,-2000.0,80.0
7772,-2000.0,-1920.0,80.0
7776,-2000.0,-1920.0,80.0
7780,-2000.0,-1920.0,80.0
7784,-2000.0,-1920.0,80.0
7788,-2000.0,-1920.0,80.0
7792,-2000.0,-1840.0,80.0
7796,-2000.0,-1920.0,80.0
7800,-2000.0,-1920.0,80.0
7804,-2000.0,-1840.0,0.0
7808,-2000.0,-1840.0,0.0
7812,-2000.0,-1840.0,0.0
7816,-2000.0,-1840.0,0.0
7820,-2000.0,-1840.0,0.0
7824,-2000.0,-1840.0,0.0
7828,-2000.0,-1840.0,0.0
7832,-2000.0,-1840.0,-80.0
7836,-2000.0,-1760.0,-80.0
7840,-2000.0,-1760.0,-80.0
7844,-2000.0,-1840.0,-80.0
7848,-2080.0,-1760.0,-80.0
7852,-2000.0,-1760.0,-80.0
7856,-2000.0,-1760.0,-80.0
7860,-2000.0,-1760.0,-80.0
7864,-2000.0,-1840.0,-80.0
7868,-2000.0,-1760.0,-80.0
7872,-2000.0,-1760.0,-160.0
7876,-2000.0,-1680.0,-80.0
7880,-2000.0,-1760.0,-80.0
7884,-2080.0,-1760.0,-160.0
7888,-2000.0,-1680.0,-160.0
7892,-2000.0,-1680.0,-160.0
7896,-2000.0,-1680.0,-160.0
7900,-2000.0,-1680.0,-240.0
7904,-2000.0,-1680.0,-160.0
7908,-2000.0,-1680.0,-160.0
7912,-2000.0,-1680.0,-160.0
7916,-2080.0,-1680.0,-160.0
7920,-2080.0,-1680.0,-160.0
7924,-2000.0,-1680.0,-240.0
7928,-2000.0,-1600.0,-240.0
7932,-2000.0,-1680.0,-240.0
7936,-2000.0,-1680.0,-320.0
7940,-2080.0,-1600.0,-240.0
7944,-2000.0,-1600.0,-240.0
7948,-2080.0,-1600.0,-240.0
7952,-2000.0,-1600.0,-240.0
7956,-2000.0,-1600.0,-320.0
7960,-2000.0,-1600.0,-320.0
7964,-2000.0,-1600.0,-320.0
7968,-2000.0,-1600.0,-320.0
7972,-2000.0,-1520.0,-320.0
7976,-2000.0,-1520.0,-320.0
7980,-2000.0,-1520.0,-320.0
7984,-2000.0,-1520.0,-320.0
7988,-2000.0,-1520.0,-320.0
7992,-2000.0,-1520.0,-320.0
7996,-2000.0,-1520.0,-400.0
8000,-2000.0,-1520.0,-320.0
8004,-2000.0,-1520.0,-400.0
8008,-2000.0,-1520.0,-400.0
8012,-2000.0,-1520.0,-320.0
8016,-2000.0,-1520.0,-320.0
8020,-2000.0,-1520.0,-400.0
8024,-2000.0,-1520.0,-400.0
8028,-2000.0,-1520.0,-400.0
8032,-2000.0,-1520.0,-400.0
8036,-2000.0,-1440.0,-400.0
8040,-2000.0,-1440.0,-400.0
8044,-2000.0,-1440.0,-400.0
8048,-2080.0,-1520.0,-480.0
8052,-2080.0,-1440.0,-480.0
8056,-2000.0,-1520.0,-480.0
8060,-2000.0,-1440.0,-400.0
8064,-2000.0,-1440.0,-480.0
8068,-2000.0,-1440.0,-400.0
8072,-2080.0,-1440.0,-480.0
8076,-2000.0,-1440.0,-480.0
8080,-2000.0,-1440.0,-480.0
8084,-2080.0,-1440.0,-480.0
8088,-2000.0,-1360.0,-480.0
8092,-2080.0,-1360.0,-480.0
8096,-2000.0,-1360.0,-480.0
8100,-2000.0,-1360.0,-480.0
8104,-2000.0,-1360.0,-480.0
8108,-2080.0,-1360.0,-480.0
8112,-2000.0,-1360.0,-480.0
8116,-2080.0,-1360.0,-560.0
8120,-2080.0,-1360.0,-560.0
8124,-2000.0,-1360.0,-560.0
8128,-2000.0,-1360.0,-560.0
8132,-2000.0,-1360.0,-560.0
8136,-2000.0,-1360.0,-560.0
8140,-2000.0,-1360.0,-560.0
8144,-2080.0,-1280.0,-560.0
8148,-2000.0,-1280.0,-560.0
8152,-2080.0,-1280.0,-560.0
8156,-2000.0,-1280.0,-560.0
8160,-2000.0,-1280.0,-560.0
8164,-2080.0,-1280.0,-560.0
8168,-2000.0,-1280.0,-640.0
8172,-2080.0,-1280.0,-640.0
8176,-2000.0,-1280.0,-560.0
8180,-2000.0,-1280.0,-560.0
8184,-2000.0,-1280.0,-640.0
8188,-2080.0,-1280.0,-640.0
8192,-2080.0,-1280.0,-640.0
8196,-2000.0,-1200.0,-640.0
8200,-2000.0,-1280.0,-640.0
8204,-2000.0,-1200.0,-560.0
8208,-2000.0,-1280.0,-640.0
8212,-2000.0,-1200.0,-640.0
8216,-2000.0,-1280.0,-640.0
8220,-2080.0,-1200.0,-640.0
8224,-2000.0,-1200.0,-640.0
8228,-2000.0,-1200.0,-720.0
8232,-2080.0,-1200.0,-720.0
8236,-2080.0,-1200.0,-720.0
8240,-2080.0,-1200.0,-720.0
8244,-2000.0,-1200.0,-720.0
8248,-2000.0,-1200.0,-720.0
8252,-2080.0,-1200.0,-720.0
8256,-2080.0,-1200.0,-720.0
8260,-2080.0,-1200.0,-720.0
8264,-2080.0,-1200.0,-720.0
8268,-2000.0,-1200.0,-720.0
8272,-2000.0,-1120.0,-720.0
8276,-2080.0,-1200.0,-720.0
8280,-2080.0,-1120.0,-720.0
8284,-2080.0,-1200.0,-720.0
8288,-2080.0,-1200.0,-720.0
8292,-2080.0,-1120.0,-720.0
8296,-2080.0,-1120.0,-800.0
8300,-2080.0,-1120.0,-800.0
8304,-2080.0,-1040.0,-800.0
8308,-2000.0,-1120.0,-800.0
8312,-2080.0,-1200.0,-720.0
8316,-2000.0,-1120.0,-800.0
8320,-2080.0,-1120.0,-800.0
8324,-2080.0,-1120.0,-800.0
8328,-2000.0,-1120.0,-800.0
8332,-2080.0,-1040.0,-800.0
8336,-2000.0,-1120.0,-800.0
8340,-2080.0,-1120.0,-800.0
8344,-2080.0,-1120.0,-800.0
8348,-2080.0,-1120.0,-800.0
8352,-2000.0,-1040.0,-800.0
8356,-2000.0,-1040.0,-800.0
8360,-2000.0,-1040.0,-880.0
8364,-2080.0,-1040.0,-800.0
8368,-2080.0,-1040.0,-800.0
8372,-2080.0,-1040.0,-800.0
8376,-2080.0,-1040.0,-800.0
8380,-2080.0,-1120.0,-880.0
8384,-2080.0,-1040.0,-880.0
8388,-2080.0,-1040.0,-880.0
8392,-2080.0,-1040.0,-880.0
8396,-2000.0,-1040.0,-800.0
8400,-2000.0,-1040.0,-880.0
8404,-2000.0,-1040.0,-880.0
8408,-2080.0,-1040.0,-880.0
8412,-2000.0,-1040.0,-880.0
8416,-2080.0,-1040.0,-880.0
8420,-2080.0,-960.0,-880.0
8424,-2080.0,-960.0,-880.0
8428,-2000.0,-1040.0,-960.0
8432,-2080.0,-960.0,-960.0
8436,-2000.0,-960.0,-880.0
8440,-2000.0,-960.0,-880.0
8444,-2080.0,-960.0,-880.0
8448,-2080.0,-960.0,-880.0
8452,-2080.0,-960.0,-880.0
8456,-2080.0,-960.0,-880.0
8460,-2000.0,-960.0,-880.0
8464,-2000.0,-960.0,-960.0
8468,-2080.0,-960.0,-960.0
8472,-2080.0,-960.0,-960.0
8476,-2080.0,-960.0,-880.0
8480,-2080.0,-960.0,-960.0
8484,-2080.0,-960.0,-960.0
8488,-2000.0,-960.0,-960.0
8492,-2080.0,-960.0,-960.0
8496,-2080.0,-880.0,-960.0
8500,-2080.0,-960.0,-960.0
8504,-2080.0,-880.0,-960.0
8508,-2000.0,-880.0,-960.0
8512,-2000.0,-880.0,-1040.0
8516,-2000.0,-960.0,-960.0
8520,-2080.0,-880.0,-1040.0
8524,-2080.0,-880.0,-1040.0
8528,-2080.0,-880.0,-1040.0
8532,-2080.0,-880.0,-960.0
8536,-2080.0,-880.0,-960.0
8540,-2080.0,-880.0,-1040.0
8544,-2080.0,-880.0,-960.0
8548,-2080.0,-880.0,-1040.0
8552,-2080.0,-880.0,-960.0
8556,-2080.0,-880.0,-1040.0
8560,-2080.0,-880.0,-1040.0
8564,-2080.0,-880.0,-1040.0
8568,-2080.0,-880.0,-1040.0
8572,-2080.0,-880.0,-1040.0
8576,-2080.0,-880.0,-1040.0
8580,-2080.0,-880.0,-1040.0
8584,-2080.0,-880.0,-1040.0
8588,-2080.0,-880.0,-1040.0
8592,-2080.0,-880.0,-1040.0
8596,-2080.0,-800.0,-1120.0
8600,-2080.0,-800.0,-1040.0
8604,-2000.0,-880.0,-1040.0
8608,-2080.0,-800.0,-1120.0
8612,-2080.0,-800.0,-1040.0
8616,-2080.0,-800.0,-1120.0
8620,-2080.0,-800.0,-1120.0
8624,-2080.0,-800.0,-1040.0
8628,-2080.0,-800.0,-1040.0
8632,-2080.0,-800.0,-1120.0
8636,-2080.0,-880.0,-1120.0
8640,-2080.0,-800.0,-1120.0
8644,-2080.0,-800.0,-1120.0
8648,-2080.0,-800.0,-1120.0
8652,-2080.0,-800.0,-1120.0
8656,-2080.0,-800.0,-1120.0
8660,-2080.0,-800.0,-1120.0
8664,-2080.0,-800.0,-1120.0
8668,-2080.0,-800.0,-1120.0
8672,-2080.0,-800.0,-1120.0
8676,-2000.0,-800.0,-1120.0
8680,-2080.0,-720.0,-1120.0
8684,-2000.0,-800.0,-1120.0
8688,-2080.0,-720.0,-1120.0
8692,-2080.0,-800.0,-1120.0
8696,-2080.0,-800.0,-1200.0
8700,-2080.0,-720.0,-1120.0
8704,-2080.0,-720.0,-1200.0
8708,-2080.0,-800.0,-1200.0
8712,-2080.0,-800.0,-1200.0
8716,-2080.0,-720.0,-1200.0
8720,-2080.0,-720.0,-1120.0
8724,-2080.0,-800.0,-1200.0
8728,-2080.0,-720.0,-1200.0
8732,-2080.0,-720.0,-1200.0
8736,-2080.0,-720.0,-1200.0
8740,-2080.0,-720.0,-1200.0
8744,-2080.0,-720.0,-1200.0
8748,-2080.0,-720.0,-1200.0
8752,-2080.0,-720.0,-1200.0
8756,-2080.0,-720.0,-1200.0
8760,-2080.0,-720.0,-1200.0
8764,-2080.0,-720.0,-1200.0
8768,-2000.0,-720.0,-1200.0
8772,-2080.0,-720.0,-1200.0
8776,-2080.0,-720.0,-1200.0
8780,-2080.0,-720.0,-1280.0
8784,-2080.0,-720.0,-1200.0
8788,-2080.0,-720.0,-1200.0
8792,-2080.0,-720.0,-1280.0
8796,-2080.0,-720.0,-1200.0
8800,-2080.0,-720.0,-1200.0
8804,-2080.0,-640.0,-1280.0
8808,-2080.0,-720.0,-1200.0
8812,-2080.0,-720.0,-1280.0
8816,-2080.0,-720.0,-1280.0
8820,-2080.0,-720.0,-1200.0
8824,-2080.0,-720.0,-1280.0
8828,-2080.0,-720.0,-1280.0
8832,-2080.0,-640.0,-1280.0
8836,-2080.0,-720.0,-1280.0
8840,-2080.0,-640.0,-1200.0
8844,-2000.0,-720.0,-1280.0
8848,-2080.0,-640.0,-1280.0
8852,-2080.0,-640.0,-1280.0
8856,-2080.0,-720.0,-1280.0
8860,-2080.0,-720.0,-1280.0
8864,-2080.0,-720.0,-1280.0
8868,-2080.0,-640.0,-1280.0
8872,-2080.0,-720.0,-1280.0
8876,-2080.0,-640.0,-1280.0
8880,-2160.0,-640.0,-1280.0
8884,-2080.0,-640.0,-1280.0
8888,-2080.0,-640.0,-1200.0
8892,-2080.0,-640.0,-1280.0
8896,-2080.0,-640.0,-1280.0
8900,-2080.0,-640.0,-1280.0
8904,-2080.0,-640.0,-1280.0
8908,-2080.0,-640.0,-1360.0
8912,-2080.0,-640.0,-1280.0
8916,-2080.0,-640.0,-1280.0
8920,-2080.0,-640.0,-1280.0
8924,-2080.0,-640.0,-1360.0
8928,-2080.0,-640.0,-1360.0
8932,-2080.0,-640.0,-1280.0
8936,-2080.0,-640.0,-1280.0
8940,-2080.0,-640.0,-1360.0
8944,-2080.0,-640.0,-1360.0
8948,-2080.0,-640.0,-1280.0
8952,-2080.0,-640.0,-1360.0
8956,-2080.0,-640.0,-1280.0
8960,-2080.0,-640.0,-1360.0
8964,-2080.0,-560.0,-1360.0
8968,-2080.0,-560.0,-1360.0
8972,-2080.0,-640.0,-1360.0
8976,-2080.0,-640.0,-1360.0
8980,-2080.0,-560.0,-1280.0
8984,-2080.0,-560.0,-1360.0
8988,-2160.0,-560.0,-1360.0
8992,-2080.0,-640.0,-1360.0
8996,-2080.0,-560.0,-1360.0
9000,-2080.0,-640.0,-1360.0
9004,-2080.0,-560.0,-1360.0
9008,-2080.0,-640.0,-1360.0
9012,-2080.0,-560.0,-1360.0
9016,-2080.0,-640.0,-1360.0
9020,-2080.0,-560.0,-1360.0
9024,-2080.0,-560.0,-1360.0
9028,-2080.0,-560.0,-1360.0
9032,-2080.0,-560.0,-1440.0
9036,-2080.0,-560.0,-1360.0
9040,-2080.0,-560.0,-1360.0
9044,-2080.0,-560.0,-1360.0
9048,-2000.0,-560.0,-1440.0
9052,-2080.0,-560.0,-1440.0
9056,-2080.0,-560.0,-1440.0
9060,-2080.0,-560.0,-1360.0
9064,-2080.0,-560.0,-1360.0
9068,-2080.0,-560.0,-1360.0
9072,-2080.0,-560.0,-1440.0
9076,-2080.0,-640.0,-1440.0
9080,-2080.0,-480.0,-1440.0
9084,-2080.0,-560.0,-1440.0
9088,-2080.0,-560.0,-1440.0
9092,-2080.0,-560.0,-1440.0
9096,-2080.0,-560.0,-1360.0
9100,-2080.0,-560.0,-1440.0
9104,-2080.0,-560.0,-1440.0
9108,-2080.0,-480.0,-1440.0
9112,-2080.0,-560.0,-1440.0
9116,-2080.0,-560.0,-1440.0
9120,-2080.0,-560.0,-1440.0
9124,-2080.0,-560.0,-1440.0
9128,-2080.0,-560.0,-1440.0
9132,-2080.0,-560.0,-1440.0
9136,-2000.0,-560.0,-1440.0
9140,-2080.0,-560.0,-1440.0
9144,-2080.0,-480.0,-1440.0
9148,-2080.0,-480.0,-1440.0
9152,-2080.0,-560.0,-1440.0
9156,-2080.0,-480.0,-1440.0
9160,-2080.0,-480.0,-1520.0
9164,-2080.0,-480.0,-1440.0
9168,-2080.0,-480.0,-1520.0
9172,-2080.0,-480.0,-1520.0
9176,-2080.0,-480.0,-1520.0
9180,-2080.0,-560.0,-1520.0
9184,-2080.0,-480.0,-1440.0
9188,-2080.0,-480.0,-1440.0
9192,-2080.0,-480.0,-1440.0
9196,-2080.0,-480.0,-1520.0
9200,-2080.0,-480.0,-1520.0
9204,-2080.0,-560.0,-1440.0
9208,-2080.0,-480.0,-1520.0
9212,-2080.0,-480.0,-1440.0
9216,-2080.0,-480.0,-1520.0
9220,-2080.0,-480.0,-1440.0
9224,-2160.0,-480.0,-1520.0
9228,-2080.0,-480.0,-1520.0
9232,-2080.0,-480.0,-1520.0
9236,-2080.0,-480.0,-1440.0
9240,-2080.0,-480.0,-1520.0
9244,-2080.0,-560.0,-1520.0
9248,-2080.0,-480.0,-1520.0
9252,-2000.0,-480.0,-1520.0
9256,-2080.0,-400.0,-1520.0
9260,-2080.0,-400.0,-1520.0
9264,-2160.0,-400.0,-1520.0
9268,-2080.0,-480.0,-1520.0
9272,-2080.0,-480.0,-1520.0
9276,-2080.0,-480.0,-1520.0
9280,-2080.0,-480.0,-1520.0
9284,-2080.0,-480.0,-1440.0
9288,-2080.0,-400.0,-1520.0
9292,-2080.0,-480.0,-1520.0
9296,-2080.0,-480.0,-1520.0
9300,-2080.0,-480.0,-1520.0
9304,-2080.0,-480.0,-1520.0
9308,-2160.0,-480.0,-1520.0
9312,-2080.0,-480.0,-1520.0
9316,-2160.0,-480.0,-1520.0
9320,-2080.0,-400.0,-1520.0
9324,-2080.0,-400.0,-1520.0
9328,-2080.0,-400.0,-1520.0
9332,-2080.0,-400.0,-1520.0
9336,-2080.0,-480.0,-1520.0
9340,-2160.0,-400.0,-1600.0
9344,-2080.0,-480.0,-1520.0
9348,-2080.0,-400.0,-1520.0
9352,-2080.0,-480.0,-1520.0
9356,-2080.0,-480.0,-1600.0
9360,-2080.0,-400.0,-1520.0
9364,-2080.0,-400.0,-1520.0
9368,-2080.0,-480.0,-1600.0
9372,-2080.0,-480.0,-1600.0
9376,-2080.0,-400.0,-1600.0
9380,-2080.0,-400.0,-1520.0
9384,-2080.0,-400.0,-1600.0
9388,-2080.0,-400.0,-1600.0
9392,-2080.0,-400.0,-1600.0
9396,-2080.0,-400.0,-1600.0
9400,-2080.0,-400.0,-1600.0
9404,-2080.0,-400.0,-1520.0
9408,-2080.0,-400.0,-1600.0
9412,-2080.0,-400.0,-1520.0
9416,-2080.0,-400.0,-1600.0
9420,-2160.0,-400.0,-1600.0
9424,-2080.0,-400.0,-1600.0
9428,-2080.0,-400.0,-1600.0
9432,-2080.0,-400.0,-1600.0
9436,-2080.0,-400.0,-1600.0
9440,-2080.0,-400.0,-1600.0
9444,-2160.0,-400.0,-1600.0
9448,-2080.0,-400.0,-1600.0
9452,-2080.0,-400.0,-1600.0
9456,-2080.0,-400.0,-1600.0
9460,-2080.0,-400.0,-1600.0
9464,-2080.0,-400.0,-1600.0
9468,-2080.0,-400.0,-1600.0
9472,-2080.0,-400.0,-1600.0
9476,-2080.0,-400.0,-1600.0
9480,-2080.0,-400.0,-1600.0
9484,-2080.0,-400.0,-1600.0
9488,-2080.0,-400.0,-1600.0
9492,-2080.0,-400.0,-1600.0
9496,-2080.0,-400.0,-1600.0
9500,-2080.0,-400.0,-1600.0
9504,-2080.0,-400.0,-1600.0
9508,-2080.0,-400.0,-1600.0
9512,-2080.0,-400.0,-1600.0
9516,-2080.0,-400.0,-1520.0
9520,-2080.0,-400.0,-1600.0
9524,-2080.0,-400.0,-1600.0
9528,-2080.0,-400.0,-1600.0
9532,-2080.0,-400.0,-1600.0
9536,-2080.0,-400.0,-1600.0
9540,-2080.0,-400.0,-1600.0
9544,-2160.0,-320.0,-1600.0
9548,-2080.0,-320.0,-1600.0
9552,-2080.0,-400.0,-1680.0
9556,-2160.0,-400.0,-1680.0
9560,-2080.0,-320.0,-1680.0
9564,-2080.0,-320.0,-1680.0
9568,-2080.0,-400.0,-1680.0
9572,-2160.0,-400.0,-1600.0
9576,-2080.0,-400.0,-1600.0
9580,-2080.0,-320.0,-1680.0
9584,-2080.0,-400.0,-1680.0
9588,-2080.0,-400.0,-1600.0
9592,-2080.0,-320.0,-1680.0
9596,-2080.0,-400.0,-1600.0
9600,-2080.0,-400.0,-1680.0
9604,-2080.0,-320.0,-1680.0
9608,-2160.0,-320.0,-1600.0
9612,-2080.0,-320.0,-1680.0
9616,-2080.0,-320.0,-1600.0
9620,-2080.0,-320.0,-1600.0
9624,-2080.0,-320.0,-1600.0
9628,-2160.0,-320.0,-1680.0
9632,-2080.0,-320.0,-1680.0
9636,-2080.0,-320.0,-1680.0
9640,-2080.0,-320.0,-1680.0
9644,-2080.0,-320.0,-1680.0
9648,-2080.0,-320.0,-1680.0
9652,-2080.0,-400.0,-1680.0
9656,-2080.0,-320.0,-1680.0
9660,-2080.0,-320.0,-1680.0
9664,-2080.0,-320.0,-1680.0
9668,-2080.0,-320.0,-1680.0
9672,-2160.0,-320.0,-1680.0
9676,-2080.0,-320.0,-1680.0
9680,-2160.0,-320.0,-1680.0
9684,-2080.0,-320.0,-1680.0
9688,-2080.0,-320.0,-1680.0
9692,-2080.0,-320.0,-1680.0
9696,-2080.0,-320.0,-1680.0
9700,-2080.0,-320.0,-1680.0
9704,-2160.0,-320.0,-1680.0
9708,-2080.0,-320.0,-1680.0
9712,-2080.0,-320.0,-1680.0
9716,-2160.0,-320.0,-1680.0
9720,-2080.0,-320.0,-1680.0
9724,-2080.0,-320.0,-1680.0
9728,-2080.0,-320.0,-1680.0
9732,-2080.0,-320.0,-1680.0
9736,-2080.0,-320.0,-1680.0
9740,-2080.0,-320.0,-1680.0
9744,-2080.0,-320.0,-1680.0
9748,-2080.0,-320.0,-1680.0
9752,-2080.0,-240.0,-1680.0
9756,-2080.0,-320.0,-1680.0
9760,-2080.0,-320.0,-1680.0
9764,-2080.0,-320.0,-1680.0
9768,-2160.0,-320.0,-1680.0
9772,-2080.0,-240.0,-1680.0
9776,-2080.0,-320.0,-1760.0
9780,-2080.0,-320.0,-1680.0
9784,-2080.0,-240.0,-1680.0
9788,-2160.0,-320.0,-1680.0
9792,-2080.0,-320.0,-1680.0
9796,-2080.0,-320.0,-1680.0
9800,-2080.0,-320.0,-1680.0
9804,-2080.0,-240.0,-1680.0
9808,-2080.0,-240.0,-1680.0
9812,-2080.0,-320.0,-1680.0
9816,-2080.0,-240.0,-1680.0
9820,-2080.0,-320.0,-1760.0
9824,-2080.0,-320.0,-1680.0
9828,-2080.0,-240.0,-1680.0
9832,-2080.0,-320.0,-1760.0
9836,-2080.0,-320.0,-1760.0
9840,-2080.0,-320.0,-1760.0
9844,-2080.0,-320.0,-1760.0
9848,-2080.0,-320.0,-1760.0
9852,-2080.0,-320.0,-1680.0
9856,-2080.0,-320.0,-1680.0
9860,-2080.0,-240.0,-1680.0
9864,-2160.0,-320.0,-1680.0
9868,-2080.0,-240.0,-1760.0
9872,-2080.0,-240.0,-1760.0
9876,-2160.0,-320.0,-1760.0
9880,-2160.0,-240.0,-1680.0
9884,-2080.0,-240.0,-1760.0
9888,-2080.0,-240.0,-1680.0
9892,-2080.0,-240.0,-1680.0
9896,-2080.0,-240.0,-1760.0
9900,-2080.0,-240.0,-1760.0
9904,-2080.0,-240.0,-1760.0
9908,-2080.0,-240.0,-1760.0
9912,-2080.0,-240.0,-1760.0
9916,-2080.0,-240.0,-1760.0
9920,-2080.0,-240.0,-1760.0
9924,-2080.0,-240.0,-1760.0
9928,-2080.0,-240.0,-1680.0
9932,-2080.0,-240.0,-1760.0
9936,-2160.0,-240.0,-1760.0
9940,-2080.0,-240.0,-1760.0
9944,-2080.0,-240.0,-1760.0
9948,-2080.0,-240.0,-1760.0
9952,-2080.0,-240.0,-1760.0
9956,-2080.0,-240.0,-1760.0
9960,-2160.0,-240.0,-1760.0
9964,-2080.0,-240.0,-1760.0
9968,-2080.0,-240.0,-1760.0
9972,-2080.0,-240.0,-1840.0
9976,-2160.0,-240.0,-1760.0
9980,-2080.0,-240.0,-1760.0
9984,-2160.0,-240.0,-1760.0
9988,-2080.0,-240.0,-1760.0
9992,-2080.0,-240.0,-1760.0
9996,-2080.0,-240.0,-1760.0
10000,-2080.0,-240.0,-1760.0
10004,-2160.0,-240.0,-1760.0
10008,-2080.0,-240.0,-1760.0
10012,-2080.0,-240.0,-1760.0
10016,-2160.0,-240.0,-1760.0
10020,-2080.0,-240.0,-1760.0
10024,-2080.0,-240.0,-1760.0
10028,-2080.0,-240.0,-1760.0
10032,-2080.0,-240.0,-1760.0
10036,-2080.0,-240.0,-1760.0
10040,-2080.0,-240.0,-1760.0
10044,-2160.0,-240.0,-1760.0
10048,-2080.0,-240.0,-1760.0
10052,-2080.0,-240.0,-1760.0
10056,-2160.0,-240.0,-1760.0
10060,-2080.0,-240.0,-1760.0
10064,-2080.0,-240.0,-1840.0
10068,-2160.0,-240.0,-1760.0
10072,-2080.0,-240.0,-1840.0
10076,-2080.0,-240.0,-1760.0
10080,-2080.0,-160.0,-1760.0
10084,-2080.0,-160.0,-1760.0
10088,-2160.0,-240.0,-1760.0
10092,-2080.0,-240.0,-1760.0
10096,-2160.0,-240.0,-1760.0
10100,-2160.0,-240.0,-1760.0
10104,-2080.0,-240.0,-1760.0
10108,-2080.0,-240.0,-1760.0
10112,-2080.0,-240.0,-1840.0
10116,-2080.0,-160.0,-1760.0
10120,-2080.0,-240.0,-1760.0
10124,-2080.0,-240.0,-1760.0
10128,-2080.0,-240.0,-1840.0
10132,-2080.0,-240.0,-1760.0
10136,-2080.0,-240.0,-1840.0
10140,-2160.0,-160.0,-1840.0
10144,-2160.0,-240.0,-1760.0
10148,-2160.0,-240.0,-1760.0
10152,-2080.0,-160.0,-1760.0
10156,-2080.0,-240.0,-1760.0
10160,-2160.0,-240.0,-1760.0
10164,-2080.0,-240.0,-1840.0
10168,-2160.0,-160.0,-1840.0
10172,-2080.0,-240.0,-1760.0
10176,1680.0,-160.0,-1840.0
10180,1760.0,3520.0,-1760.0
10184,1760.0,3680.0,-1760.0
10188,1760.0,3680.0,-1760.0
10192,1760.0,3600.0,-1760.0
10196,1760.0,3600.0,-1760.0
10200,1760.0,3600.0,-1760.0
10204,1760.0,3520.0,-1680.0
10208,1760.0,3600.0,-1680.0
10212,1760.0,3520.0,-1680.0
10216,1760.0,3520.0,-1680.0
10220,1760.0,3520.0,-1600.0
10224,1760.0,3520.0,-1600.0
10228,1760.0,3440.0,-1600.0
10232,1760.0,3520.0,-1600.0
10236,1760.0,3440.0,-1600.0
10240,1760.0,3440.0,-1520.0
10244,1760.0,3440.0,-1520.0
10248,1760.0,3440.0,-1600.0
10252,1760.0,3440.0,-1520.0
10256,1760.0,3360.0,-1520.0
10260,1760.0,3360.0,-1520.0
10264,1760.0,3360.0,-1520.0
10268,1760.0,3360.0,-1520.0
10272,1760.0,3280.0,-1440.0
10276,1760.0,3280.0,-1440.0
10280,1760.0,3280.0,-1440.0
10284,1760.0,3280.0,-1360.0
10288,1760.0,3280.0,-1440.0
10292,1760.0,3200.0,-1360.0
10296,1840.0,3280.0,-1360.0
10300,1840.0,3280.0,-1360.0
10304,1760.0,3200.0,-1280.0
10308,1840.0,3200.0,-1360.0
10312,1840.0,3200.0,-1280.0
10316,1840.0,3200.0,-1280.0
10320,1760.0,3120.0,-1280.0
10324,1840.0,3120.0,-1280.0
10328,1760.0,3120.0,-1280.0
10332,1840.0,3120.0,-1200.0
10336,1760.0,3120.0,-1200.0
10340,1760.0,3040.0,-1280.0
10344,1760.0,3120.0,-1200.0
10348,1760.0,3120.0,-1200.0
10352,1760.0,3040.0,-1200.0
10356,1840.0,3040.0,-1200.0
10360,1760.0,3040.0,-1120.0
10364,1840.0,2960.0,-1120.0
10368,1760.0,3040.0,-1120.0
10372,1760.0,3040.0,-1040.0
10376,1840.0,3040.0,-1120.0
10380,1840.0,3040.0,-1040.0
10384,1840.0,2960.0,-1120.0
10388,1840.0,2960.0,-1040.0
10392,1840.0,2960.0,-880.0
10396,1840.0,2960.0,-1040.0
10400,1840.0,2880.0,-1040.0
10404,1840.0,2880.0,-1040.0
10408,1840.0,2880.0,-960.0
10412,1840.0,2960.0,-960.0
10416,1840.0,2880.0,-1040.0
10420,1840.0,2880.0,-960.0
10424,1840.0,2880.0,-960.0
10428,1840.0,2800.0,-960.0
10432,1840.0,2880.0,-880.0
10436,1840.0,2800.0,-880.0
10440,1840.0,2880.0,-880.0
10444,1840.0,2800.0,-880.0
10448,1840.0,2800.0,-880.0
10452,1840.0,2800.0,-800.0
10456,1840.0,2720.0,-800.0
10460,1840.0,2800.0,-800.0
10464,1840.0,2720.0,-800.0
10468,1840.0,2720.0,-880.0
10472,1840.0,2720.0,-800.0
10476,1840.0,2720.0,-800.0
10480,1840.0,2720.0,-800.0
10484,1840.0,2720.0,-800.0
10488,1840.0,2720.0,-720.0
10492,1840.0,2640.0,-720.0
10496,1840.0,2720.0,-720.0
10500,1840.0,2640.0,-720.0
10504,1840.0,2720.0,-720.0
10508,1840.0,2640.0,-720.0
10512,1840.0,2640.0,-720.0
10516,1840.0,2640.0,-640.0
10520,1840.0,2560.0,-640.0
10524,1840.0,2640.0,-640.0
10528,1840.0,2560.0,-640.0
10532,1840.0,2560.0,-640.0
10536,1840.0,2560.0,-640.0
10540,1840.0,2560.0,-640.0
10544,1840.0,2560.0,-640.0
10548,1840.0,2560.0,-640.0
10552,1840.0,2560.0,-640.0
10556,1840.0,2480.0,-560.0
10560,1840.0,2480.0,-560.0
10564,1840.0,2480.0,-560.0
10568,1840.0,2480.0,-560.0
10572,1840.0,2480.0,-560.0
10576,1840.0,2480.0,-560.0
10580,1840.0,2480.0,-560.0
10584,1840.0,2480.0,-560.0
10588,1840.0,2400.0,-560.0
10592,1920.0,2480.0,-480.0
10596,1840.0,2400.0,-480.0
10600,1840.0,2400.0,-480.0
10604,1920.0,2400.0,-480.0
10608,1840.0,2400.0,-480.0
10612,1760.0,2400.0,-480.0
10616,1840.0,2400.0,-400.0
10620,1840.0,2320.0,-400.0
10624,1840.0,2400.0,-480.0
10628,1840.0,2320.0,-480.0
10632,1840.0,2320.0,-480.0
10636,1840.0,2320.0,-400.0
10640,1840.0,2320.0,-400.0
10644,1840.0,2320.0,-400.0
10648,1840.0,2320.0,-400.0
10652,1920.0,2320.0,-320.0
10656,1840.0,2320.0,-320.0
10660,1920.0,2240.0,-320.0
10664,1840.0,2240.0,-320.0
10668,1920.0,2240.0,-320.0
10672,1840.0,2240.0,-320.0
10676,1840.0,2240.0,-320.0
10680,1840.0,2240.0,-320.0
10684,1840.0,2240.0,-320.0
10688,1920.0,2240.0,-240.0
10692,1920.0,2240.0,-320.0
10696,1840.0,2160.0,-320.0
10700,1920.0,2160.0,-240.0
10704,1840.0,2160.0,-240.0
10708,1840.0,2160.0,-240.0
10712,1840.0,2160.0,-240.0
10716,1840.0,2160.0,-240.0
10720,1920.0,2160.0,-240.0
10724,1840.0,2160.0,-160.0
10728,1920.0,2160.0,-160.0
10732,1840.0,2080.0,-160.0
10736,1840.0,2160.0,-160.0
10740,1920.0,2080.0,-160.0
10744,1920.0,2080.0,-160.0
10748,1840.0,2080.0,-160.0
10752,1920.0,2080.0,-160.0
10756,1840.0,2080.0,-160.0
10760,1920.0,2080.0,-160.0
10764,1840.0,2080.0,-80.0
10768,1920.0,2080.0,-80.0
10772,1920.0,2080.0,-80.0
10776,1920.0,2080.0,-80.0
10780,1840.0,2000.0,-80.0
10784,1920.0,2000.0,-80.0
10788,1840.0,2000.0,-80.0
10792,1920.0,2000.0,-80.0
10796,1840.0,2000.0,-80.0
10800,1840.0,2000.0,-80.0
10804,1920.0,2000.0,-80.0
10808,1840.0,2000.0,-80.0
10812,1840.0,2000.0,0.0
10816,1920.0,1920.0,0.0
10820,1840.0,1920.0,0.0
10824,1840.0,1920.0,0.0
10828,1920.0,1920.0,0.0
10832,1840.0,1920.0,0.0
10836,1840.0,1920.0,0.0
10840,1920.0,1920.0,80.0
10844,1920.0,1920.0,80.0
10848,1840.0,1920.0,0.0
10852,1920.0,1920.0,80.0
10856,1920.0,1920.0,80.0
10860,1920.0,1920.0,80.0
10864,1920.0,1920.0,80.0
10868,1920.0,1840.0,80.0
10872,1920.0,1840.0,160.0
10876,1920.0,1840.0,160.0
10880,1920.0,1840.0,80.0
10884,1920.0,1840.0,160.0
10888,1920.0,1840.0,160.0
10892,1920.0,1840.0,160.0
10896,1920.0,1840.0,160.0
10900,1920.0,1840.0,160.0
10904,1920.0,1840.0,160.0
10908,1840.0,1760.0,160.0
10912,1840.0,1760.0,240.0
10916,1840.0,1760.0,160.0
10920,1920.0,1840.0,240.0
10924,1920.0,1760.0,160.0
10928,1920.0,1760.0,240.0
10932,1920.0,1760.0,240.0
10936,1920.0,1760.0,240.0
10940,1920.0,1760.0,240.0
10944,1920.0,1760.0,240.0
10948,1920.0,1760.0,240.0
10952,1920.0,1760.0,320.0
10956,1920.0,1680.0,240.0
10960,1920.0,1760.0,240.0
10964,1920.0,1680.0,320.0
10968,1920.0,1680.0,320.0
10972,1920.0,1680.0,320.0
10976,1920.0,1680.0,320.0
10980,1920.0,1680.0,320.0
10984,1920.0,1680.0,400.0
10988,2000.0,1680.0,320.0
10992,1920.0,1680.0,320.0
10996,1920.0,1600.0,400.0
11000,1920.0,1680.0,240.0
11004,1920.0,1600.0,400.0
11008,1920.0,1600.0,400.0
11012,1920.0,1600.0,400.0
11016,1920.0,1600.0,400.0
11020,1920.0,1680.0,400.0
11024,1920.0,1600.0,400.0
11028,1920.0,1600.0,400.0
11032,1920.0,1600.0,400.0
11036,1920.0,1600.0,400.0
11040,1920.0,1600.0,400.0
11044,1920.0,1600.0,480.0
11048,1840.0,1600.0,480.0
11052,1920.0,1520.0,400.0
11056,1920.0,1600.0,480.0
11060,1920.0,1600.0,480.0
11064,1920.0,1520.0,480.0
11068,1920.0,1520.0,400.0
11072,1920.0,1520.0,480.0
11076,1920.0,1600.0,480.0
11080,1920.0,1520.0,480.0
11084,1920.0,1520.0,480.0
11088,1920.0,1520.0,560.0
11092,1920.0,1520.0,480.0
11096,1920.0,1520.0,560.0
11100,1920.0,1520.0,480.0
11104,1840.0,1520.0,560.0
11108,1920.0,1440.0,560.0
11112,1920.0,1440.0,560.0
11116,1920.0,1440.0,560.0
11120,1920.0,1440.0,560.0
11124,1920.0,1520.0,560.0
11128,1920.0,1440.0,560.0
11132,1920.0,1440.0,560.0
11136,1920.0,1440.0,560.0
11140,1920.0,1440.0,640.0
11144,1920.0,1440.0,640.0
11148,1920.0,1440.0,640.0
11152,1920.0,1440.0,640.0
11156,2000.0,1440.0,640.0
11160,1920.0,1360.0,640.0
11164,1920.0,1440.0,640.0
11168,1920.0,1360.0,640.0
11172,1920.0,1360.0,640.0
11176,1920.0,1360.0,640.0
11180,1920.0,1360.0,640.0
11184,1920.0,1360.0,640.0
11188,2000.0,1360.0,640.0
11192,1920.0,1440.0,640.0
11196,1920.0,1360.0,720.0
11200,1920.0,1360.0,720.0
11204,1920.0,1360.0,720.0
11208,1920.0,1360.0,720.0
11212,1920.0,1360.0,640.0
11216,1920.0,1280.0,720.0
11220,1920.0,1360.0,640.0
11224,1920.0,1280.0,720.0
11228,1920.0,1360.0,720.0
11232,1920.0,1280.0,720.0
11236,1920.0,1280.0,720.0
11240,1920.0,1280.0,720.0
11244,1920.0,1280.0,720.0
11248,1920.0,1280.0,720.0
11252,1920.0,1280.0,720.0
11256,1920.0,1280.0,800.0
11260,1920.0,1280.0,720.0
11264,1920.0,1280.0,720.0
11268,1920.0,1280.0,720.0
11272,1920.0,1200.0,800.0
11276,2000.0,1200.0,720.0
11280,1920.0,1280.0,720.0
11284,1920.0,1200.0,800.0
11288,2000.0,1280.0,720.0
11292,1920.0,1200.0,800.0
11296,1920.0,1200.0,800.0
11300,1920.0,1200.0,800.0
11304,1920.0,1200.0,800.0
11308,1920.0,1280.0,800.0
11312,1920.0,1200.0,800.0
11316,1920.0,1200.0,800.0
11320,1920.0,1200.0,800.0
11324,1920.0,1200.0,800.0
11328,1920.0,1200.0,880.0
11332,1920.0,1200.0,800.0
11336,1920.0,1200.0,880.0
11340,1920.0,1200.0,880.0
11344,1920.0,1200.0,800.0
11348,1920.0,1200.0,880.0
11352,1920.0,1200.0,880.0
11356,1920.0,1120.0,880.0
11360,1920.0,1120.0,880.0
11364,1920.0,1120.0,880.0
11368,1920.0,1120.0,880.0
11372,1920.0,1120.0,880.0
11376,1920.0,1120.0,880.0
11380,2000.0,1120.0,880.0
11384,1920.0,1120.0,880.0
11388,1920.0,1120.0,880.0
11392,1920.0,1120.0,880.0
11396,1920.0,1120.0,880.0
11400,1920.0,1120.0,880.0
11404,1920.0,1120.0,960.0
11408,1920.0,1120.0,880.0
11412,2000.0,1120.0,880.0
11416,1920.0,1120.0,960.0
11420,1920.0,1040.0,960.0
11424,1920.0,1120.0,960.0
11428,1920.0,1120.0,880.0
11432,1920.0,1040.0,960.0
11436,1920.0,1120.0,960.0
11440,1920.0,1040.0,960.0
11444,1920.0,1040.0,960.0
11448,2000.0,1040.0,960.0
11452,2000.0,1040.0,960.0
11456,1920.0,1040.0,960.0
11460,1920.0,1040.0,960.0
11464,1920.0,1040.0,960.0
11468,2000.0,1040.0,960.0
11472,2000.0,1040.0,960.0
11476,2000.0,1040.0,960.0
11480,1920.0,1040.0,960.0
11484,1920.0,1040.0,960.0
11488,1920.0,1040.0,1040.0
11492,1920.0,1040.0,1040.0
11496,2000.0,960.0,960.0
11500,1920.0,1040.0,1040.0
11504,2000.0,1040.0,1040.0
11508,2000.0,1040.0,1040.0
11512,1920.0,1040.0,1040.0
11516,1920.0,960.0,1040.0
11520,2000.0,1040.0,1040.0
11524,1920.0,1040.0,1040.0
11528,1920.0,1040.0,1040.0
11532,1920.0,960.0,1040.0
11536,1920.0,960.0,1040.0
11540,1920.0,960.0,1040.0
11544,1920.0,960.0,1040.0
11548,1920.0,960.0,1040.0
11552,1920.0,960.0,1040.0
11556,1920.0,1040.0,1040.0
11560,1920.0,960.0,1120.0
11564,2000.0,1040.0,1040.0
11568,1920.0,960.0,1040.0
11572,2000.0,960.0,1040.0
11576,1920.0,960.0,1040.0
11580,1920.0,960.0,1120.0
11584,1920.0,960.0,1040.0
11588,2000.0,960.0,1040.0
11592,2000.0,880.0,1040.0
11596,1920.0,960.0,1120.0
11600,2000.0,960.0,1120.0
11604,1920.0,880.0,1120.0
11608,2000.0,960.0,1120.0
11612,1920.0,880.0,1120.0
11616,1920.0,880.0,1120.0
11620,2000.0,880.0,1120.0
11624,2000.0,880.0,1120.0
11628,1920.0,960.0,1120.0
11632,2000.0,880.0,1120.0
11636,1920.0,880.0,1120.0
11640,1920.0,880.0,1120.0
11644,2000.0,880.0,1120.0
11648,1920.0,880.0,1120.0
11652,2000.0,880.0,1120.0
11656,1920.0,880.0,1120.0
11660,1920.0,880.0,1200.0
11664,1920.0,880.0,1200.0
11668,2000.0,880.0,1120.0
11672,1920.0,880.0,1200.0
11676,1920.0,880.0,1200.0
11680,2000.0,880.0,1200.0
11684,2000.0,880.0,1200.0
11688,2000.0,880.0,1200.0
11692,1920.0,880.0,1120.0
11696,2000.0,880.0,1200.0
11700,2000.0,880.0,1200.0
11704,2000.0,880.0,1200.0
11708,2000.0,880.0,1200.0
11712,1920.0,800.0,1200.0
11716,2000.0,800.0,1200.0
11720,2000.0,800.0,1200.0
11724,2000.0,800.0,1200.0
11728,1920.0,800.0,1200.0
11732,1920.0,800.0,1200.0
11736,1920.0,800.0,1200.0
11740,1920.0,880.0,1200.0
11744,1920.0,800.0,1120.0
11748,2000.0,800.0,1200.0
11752,1920.0,800.0,1200.0
11756,1920.0,800.0,1200.0
11760,2000.0,800.0,1280.0
11764,2000.0,800.0,1200.0
11768,1920.0,800.0,1280.0
11772,1920.0,800.0,1200.0
11776,2000.0,800.0,1280.0
11780,1920.0,720.0,1280.0
11784,2000.0,800.0,1200.0
11788,2000.0,800.0,1280.0
11792,2000.0,720.0,1200.0
11796,2000.0,800.0,1280.0
11800,2000.0,800.0,1280.0
11804,2000.0,720.0,1280.0
11808,2000.0,720.0,1280.0
11812,2000.0,720.0,1280.0
11816,1920.0,720.0,1280.0
11820,1920.0,720.0,1280.0
11824,2000.0,720.0,1280.0
11828,1920.0,720.0,1280.0
11832,2000.0,720.0,1280.0
11836,2000.0,720.0,1280.0
11840,2000.0,720.0,1280.0
11844,2000.0,720.0,1280.0
11848,1920.0,720.0,1280.0
11852,2000.0,720.0,1360.0
11856,2000.0,720.0,1280.0
11860,1920.0,720.0,1280.0
11864,1920.0,720.0,1280.0
11868,2000.0,720.0,1280.0
11872,1920.0,720.0,1360.0
11876,2000.0,720.0,1360.0
11880,2000.0,720.0,1280.0
11884,1920.0,720.0,1360.0
11888,2000.0,720.0,1280.0
11892,1920.0,720.0,1360.0
11896,2000.0,720.0,1360.0
11900,1920.0,720.0,1360.0
11904,2000.0,720.0,1360.0
11908,2000.0,720.0,1360.0
11912,2000.0,720.0,1360.0
11916,2000.0,720.0,1280.0
11920,1920.0,720.0,1360.0
11924,2000.0,720.0,1280.0
11928,2000.0,720.0,1360.0
11932,2000.0,720.0,1360.0
11936,2000.0,720.0,1360.0
11940,2000.0,720.0,1280.0
11944,1920.0,640.0,1280.0
11948,1920.0,720.0,1360.0
11952,1920.0,720.0,1360.0
11956,2000.0,720.0,1440.0
11960,2000.0,720.0,1360.0
11964,2000.0,640.0,1360.0
11968,2000.0,640.0,1360.0
11972,1920.0,640.0,1440.0
11976,2000.0,720.0,1440.0
11980,2000.0,720.0,1360.0
11984,2000.0,640.0,1360.0
11988,2000.0,640.0,1360.0
11992,2000.0,640.0,1360.0
11996,2000.0,640.0,1440.0
